{"stats":{"minecraft:killed":{"minecraft:cave_spider":4,"minecraft:spider":7,"minecraft:skeleton":16,"minecraft:chicken":1,"minecraft:salmon":1,"minecraft:creeper":2,"minecraft:sheep":8,"minecraft:zombie":42,"minecraft:stray":2,"minecraft:cow":9,"minecraft:drowned":1,"minecraft:wither_skeleton":2},"minecraft:dropped":{"minecraft:iron_sword":1,"minecraft:cracked_stone_bricks":24,"minecraft:leather_helmet":2,"minecraft:dirt":1,"minecraft:sunflower":5,"minecraft:iron_pickaxe":1,"minecraft:white_wool":3,"minecraft:gravel":13,"minecraft:stone_axe":2,"minecraft:golden_chestplate":1,"minecraft:cobbled_deepslate":11,"minecraft:wheat":5,"minecraft:pointed_dripstone":5,"minecraft:rotten_flesh":42,"aether:leather_gloves":3,"minecraft:oak_planks":1,"minecraft:poppy":1,"minecraft:leather_chestplate":1,"minecraft:beetroot_seeds":4,"minecraft:melon_seeds":8,"minecraft:leather_boots":1,"minecraft:beef":2,"minecraft:torchflower":1,"minecraft:stone_hoe":1,"minecraft:enchanted_book":3,"minecraft:golden_boots":1,"minecraft:iron_ingot":9,"minecraft:bread":1,"minecraft:wheat_seeds":1,"minecraft:mossy_cobblestone":33,"minecraft:dripstone_block":6,"minecraft:iron_helmet":6,"minecraft:granite":20,"minecraft:activator_rail":4,"minecraft:cobweb":9,"minecraft:ink_sac":6,"minecraft:leather_horse_armor":1,"minecraft:green_carpet":1,"minecraft:iron_leggings":2,"minecraft:iron_axe":1,"minecraft:chainmail_leggings":1,"minecraft:iron_shovel":6,"minecraft:music_disc_cat":1,"minecraft:acacia_planks":21,"minecraft:bricks":2,"minecraft:tuff":3,"minecraft:raw_iron":4,"minecraft:iron_boots":2,"minecraft:shears":1,"minecraft:pumpkin_seeds":22,"minecraft:filled_map":1,"minecraft:potato":8,"minecraft:shield":2,"minecraft:oak_button":1,"aether:chainmail_gloves":2,"minecraft:iron_chestplate":1,"minecraft:andesite":2,"minecraft:mossy_stone_bricks":1,"minecraft:oak_sapling":2,"minecraft:spider_eye":1,"minecraft:stone_bricks":16,"sophisticatedbackpacks:copper_backpack":1,"minecraft:stone_pickaxe":2,"minecraft:wooden_pickaxe":1,"minecraft:brick":20},"minecraft:broken":{"minecraft:iron_shovel":1,"minecraft:iron_pickaxe":2},"minecraft:picked_up":{"minecraft:wheat":1,"minecraft:yellow_wool":6,"minecraft:potion":2,"minecraft:enchanted_book":6,"minecraft:brewing_stand":2,"minecraft:music_disc_cat":2,"minecraft:string":270,"minecraft:iron_leggings":2,"minecraft:armor_stand":4,"minecraft:experience_bottle":23,"minecraft:activator_rail":2,"minecraft:cobbled_deepslate":47,"minecraft:diamond_leggings":1,"minecraft:smooth_stone":9,"minecraft:gold_nugget":22,"minecraft:spruce_planks":60,"minecraft:furnace":4,"minecraft:iron_boots":1,"minecraft:tipped_arrow":1,"minecraft:stick":6,"minecraft:jukebox":3,"minecraft:composter":1,"minecraft:oak_fence":33,"minecraft:torch":70,"minecraft:acacia_log":6,"minecraft:pointed_dripstone":6,"minecraft:diorite":3,"minecraft:golden_chestplate":1,"minecraft:cauldron":6,"minecraft:rotten_flesh":74,"aether:chainmail_gloves":1,"minecraft:leather_horse_armor":1,"minecraft:iron_bars":16,"minecraft:cobblestone":293,"minecraft:magma_block":2,"minecraft:leather_chestplate":1,"minecraft:feather":5,"minecraft:cooked_beef":12,"minecraft:andesite":2,"minecraft:potato":8,"minecraft:flint":5,"minecraft:tuff":12,"minecraft:lapis_lazuli":33,"minecraft:dirt":375,"minecraft:name_tag":1,"minecraft:leather_boots":1,"minecraft:bone":51,"minecraft:stonecutter":1,"minecraft:wheat_seeds":11,"minecraft:raw_gold":29,"minecraft:bell":1,"minecraft:grindstone":1,"minecraft:glowstone_dust":7,"minecraft:mossy_stone_bricks":3,"minecraft:bamboo":12,"minecraft:oak_planks":30,"minecraft:music_disc_13":1,"minecraft:oak_pressure_plate":1,"minecraft:sand":53,"minecraft:ink_sac":6,"minecraft:fermented_spider_eye":3,"minecraft:mossy_cobblestone":36,"minecraft:diamond":20,"minecraft:spruce_boat":2,"minecraft:lever":5,"minecraft:granite":20,"minecraft:grass":1,"minecraft:golden_apple":3,"minecraft:golden_horse_armor":1,"minecraft:bread":6,"minecraft:oak_sapling":8,"minecraft:bricks":2,"minecraft:oak_leaves":9,"minecraft:diamond_pickaxe":1,"minecraft:crafting_table":14,"minecraft:clay_ball":3,"minecraft:chest_minecart":5,"minecraft:brown_mushroom":5,"minecraft:gold_block":2,"minecraft:diamond_horse_armor":1,"minecraft:brick":20,"minecraft:shield":3,"aether:leather_gloves":1,"minecraft:oak_trapdoor":7,"minecraft:compass":1,"minecraft:iron_shovel":4,"minecraft:cracked_stone_bricks":1,"minecraft:detector_rail":4,"minecraft:beef":19,"minecraft:iron_nugget":31,"minecraft:poppy":1,"minecraft:spruce_slab":3,"minecraft:chest":34,"minecraft:phantom_membrane":4,"minecraft:egg":3,"minecraft:raw_iron":49,"minecraft:sandstone":10,"minecraft:bowl":12,"minecraft:carrot":12,"minecraft:redstone":14,"minecraft:iron_horse_armor":1,"minecraft:tnt":4,"minecraft:arrow":41,"minecraft:diamond_chestplate":1,"minecraft:beetroot_seeds":4,"minecraft:hay_block":51,"minecraft:gold_ingot":65,"sophisticatedbackpacks:copper_backpack":1,"minecraft:mutton":8,"minecraft:rail":159,"minecraft:white_wool":19,"minecraft:air":0,"minecraft:clock":2,"minecraft:tripwire_hook":9,"minecraft:glow_ink_sac":2,"minecraft:leather":7,"minecraft:red_mushroom":3,"minecraft:torchflower":1,"minecraft:oak_log":38,"minecraft:golden_boots":1,"minecraft:yellow_bed":7,"minecraft:gunpowder":4,"minecraft:paper":18,"minecraft:apple":20,"minecraft:stone_bricks":8,"minecraft:wild_armor_trim_smithing_template":2,"minecraft:rabbit_hide":3,"minecraft:iron_ingot":21,"minecraft:cobweb":6,"minecraft:stripped_oak_wood":1,"minecraft:glass_bottle":9,"minecraft:soul_sand":6,"minecraft:iron_sword":1,"minecraft:book":3,"minecraft:oak_slab":12,"minecraft:dark_oak_slab":1,"minecraft:dandelion":1,"minecraft:dripstone_block":6,"minecraft:gravel":4,"minecraft:amethyst_shard":4,"minecraft:spruce_sapling":5,"minecraft:blast_furnace":2,"minecraft:white_bed":6,"minecraft:green_carpet":1,"minecraft:spider_eye":8,"minecraft:leather_helmet":1,"minecraft:diamond_shovel":1,"minecraft:pumpkin_seeds":4,"minecraft:stone_axe":2,"minecraft:chainmail_leggings":2,"minecraft:iron_helmet":7,"minecraft:oak_button":3,"minecraft:melon_seeds":6,"minecraft:coal":44,"minecraft:hopper":5,"minecraft:sunflower":5,"minecraft:ender_pearl":5},"minecraft:mined":{"minecraft:white_bed":6,"minecraft:brewing_stand":2,"minecraft:granite":20,"minecraft:acacia_log":6,"minecraft:grass_block":88,"minecraft:composter":1,"minecraft:hopper":6,"minecraft:spawner":12,"minecraft:smooth_stone":9,"minecraft:magma_block":2,"minecraft:glowstone":2,"minecraft:iron_ore":24,"minecraft:cobbled_deepslate":1,"minecraft:deepslate_lapis_ore":1,"minecraft:water_cauldron":4,"minecraft:dirt_path":39,"minecraft:iron_bars":17,"minecraft:green_carpet":1,"minecraft:spruce_slab":4,"minecraft:tripwire":100,"minecraft:deepslate_redstone_ore":2,"minecraft:amethyst_cluster":1,"minecraft:blast_furnace":2,"minecraft:chest":32,"minecraft:cobblestone":99,"minecraft:grindstone":1,"minecraft:oak_planks":36,"minecraft:bricks":2,"minecraft:wall_torch":1,"minecraft:dark_oak_slab":1,"minecraft:yellow_wool":6,"minecraft:jukebox":3,"minecraft:stripped_oak_wood":2,"minecraft:grass":48,"minecraft:oak_log":40,"minecraft:sand":52,"minecraft:dirt":225,"minecraft:tripwire_hook":7,"minecraft:stonecutter":1,"minecraft:oak_leaves":19,"minecraft:deepslate":34,"minecraft:tuff":12,"minecraft:mossy_cobblestone":2,"minecraft:deepslate_diamond_ore":16,"minecraft:lever":3,"minecraft:redstone_wire":4,"minecraft:sandstone":10,"minecraft:hay_block":52,"minecraft:oak_trapdoor":7,"minecraft:furnace":4,"minecraft:andesite":5,"minecraft:gold_block":2,"minecraft:potatoes":1,"minecraft:deepslate_iron_ore":26,"minecraft:vine":2,"minecraft:rail":168,"minecraft:bamboo":1,"minecraft:stone":167,"minecraft:white_tulip":1,"minecraft:white_wool":6,"minecraft:oak_slab":12,"minecraft:soul_sand":5,"minecraft:oak_fence":36,"minecraft:crafting_table":15,"minecraft:tall_grass":10,"minecraft:lapis_ore":2,"minecraft:deepslate_gold_ore":29,"minecraft:diorite":3,"minecraft:torchflower":1,"minecraft:yellow_bed":7,"minecraft:coal_ore":12,"minecraft:gravel":6,"minecraft:cobweb":3,"minecraft:cracked_stone_bricks":1,"minecraft:oak_button":1,"minecraft:stone_bricks":8,"minecraft:mossy_stone_bricks":4,"minecraft:gold_ore":2},"minecraft:custom":{"minecraft:interact_with_crafting_table":55,"minecraft:open_barrel":3,"minecraft:bell_ring":8,"minecraft:eat_cake_slice":5,"minecraft:leave_game":7,"minecraft:time_since_death":91235,"minecraft:sprint_one_cm":781917,"minecraft:damage_blocked_by_shield":3173,"minecraft:drop":131,"minecraft:talked_to_villager":2,"minecraft:play_time":362599,"minecraft:deaths":3,"minecraft:jump":4561,"minecraft:walk_on_water_one_cm":167371,"minecraft:interact_with_furnace":38,"minecraft:sleep_in_bed":9,"minecraft:waystone_activated":1,"minecraft:damage_dealt":16508,"minecraft:crouch_one_cm":16794,"minecraft:mob_kills":99,"minecraft:inspect_hopper":2,"minecraft:damage_dealt_resisted":381,"minecraft:climb_one_cm":3694,"minecraft:walk_one_cm":462287,"minecraft:damage_dealt_absorbed":78,"minecraft:sneak_time":8769,"minecraft:walk_under_water_one_cm":45928,"minecraft:boat_one_cm":112320,"minecraft:interact_with_blast_furnace":4,"minecraft:total_world_time":362599,"minecraft:time_since_rest":91297,"minecraft:damage_taken":4631,"minecraft:swim_one_cm":259136,"minecraft:fly_one_cm":827724,"minecraft:open_chest":125,"minecraft:fall_one_cm":130260},"minecraft:crafted":{"minecraft:oak_planks":112,"minecraft:lever":1,"minecraft:glass":47,"minecraft:hopper":4,"minecraft:iron_boots":1,"minecraft:chest":7,"minecraft:oak_button":1,"sophisticatedbackpacks:backpack":1,"minecraft:diamond_axe":1,"minecraft:crafting_table":4,"minecraft:wooden_pickaxe":1,"minecraft:iron_chestplate":1,"minecraft:diamond_pickaxe":1,"minecraft:shield":1,"sophisticatedbackpacks:diamond_backpack":1,"minecraft:stick":36,"minecraft:iron_ingot":50,"minecraft:iron_pickaxe":2,"minecraft:gold_ingot":34,"minecraft:shears":1,"minecraft:tripwire_hook":2,"minecraft:furnace":1,"minecraft:bone_meal":21,"minecraft:oak_trapdoor":6,"minecraft:iron_axe":1,"minecraft:iron_hoe":1,"minecraft:stone_pickaxe":2,"minecraft:spruce_boat":1,"minecraft:wheat":306,"sophisticatedbackpacks:iron_backpack":1,"minecraft:cooked_beef":11,"minecraft:diamond_sword":1,"sophisticatedbackpacks:gold_backpack":1,"minecraft:bucket":1,"minecraft:stone_axe":2,"minecraft:glowstone":1,"minecraft:bread":102,"minecraft:air":0,"aether:iron_gloves":1,"minecraft:oak_boat":1,"minecraft:white_wool":3,"minecraft:iron_shovel":2,"minecraft:iron_leggings":1,"minecraft:white_bed":2,"minecraft:acacia_planks":24,"minecraft:torch":24},"minecraft:used":{"minecraft:iron_shovel":346,"minecraft:chest":5,"minecraft:shield":108,"minecraft:bell":1,"minecraft:iron_chestplate":1,"minecraft:tuff":9,"minecraft:spruce_boat":3,"minecraft:glass":47,"minecraft:stone_bricks":26,"minecraft:magma_block":2,"minecraft:furnace":5,"minecraft:stone_pickaxe":53,"minecraft:oak_planks":11,"minecraft:wooden_pickaxe":3,"minecraft:diamond_axe":39,"minecraft:blast_furnace":1,"minecraft:shears":91,"minecraft:lever":5,"minecraft:bread":61,"minecraft:string":229,"minecraft:oak_pressure_plate":1,"minecraft:gravel":4,"minecraft:diamond_sword":256,"minecraft:grindstone":1,"minecraft:oak_boat":1,"minecraft:bone_meal":8,"minecraft:oak_fence":5,"minecraft:oak_trapdoor":12,"minecraft:iron_bars":2,"minecraft:redstone":4,"minecraft:torch":124,"minecraft:dirt":79,"minecraft:hopper":6,"minecraft:iron_hoe":56,"minecraft:iron_axe":172,"minecraft:iron_boots":1,"minecraft:tripwire_hook":12,"minecraft:cooked_beef":18,"minecraft:cobbled_deepslate":36,"minecraft:iron_leggings":1,"minecraft:water_bucket":93,"minecraft:cracked_stone_bricks":1,"minecraft:crafting_table":18,"minecraft:white_bed":7,"minecraft:oak_log":1,"minecraft:diamond_pickaxe":38,"minecraft:oak_button":3,"minecraft:iron_pickaxe":637,"minecraft:spruce_sapling":4,"minecraft:stone_axe":63,"minecraft:cobblestone":212,"minecraft:bucket":93,"minecraft:yellow_bed":7},"minecraft:killed_by":{"minecraft:drowned":1,"minecraft:zombie":1}},"DataVersion":3465}