{"stats":{"minecraft:custom":{"minecraft:time_since_rest":424,"minecraft:sprint_one_cm":34876,"minecraft:damage_taken":475,"minecraft:walk_one_cm":11286,"minecraft:mob_kills":2,"minecraft:damage_dealt":739,"minecraft:swim_one_cm":5976,"minecraft:interact_with_crafting_table":6,"minecraft:fly_one_cm":70217,"minecraft:play_time":13284,"minecraft:deaths":2,"minecraft:sneak_time":23,"minecraft:walk_under_water_one_cm":337,"minecraft:jump":332,"minecraft:time_since_death":392,"minecraft:leave_game":1,"minecraft:walk_on_water_one_cm":2583,"minecraft:total_world_time":13284,"minecraft:fall_one_cm":8856},"minecraft:mined":{"minecraft:iron_ore":2,"minecraft:spruce_log":9,"minecraft:crafting_table":1,"minecraft:grass":3,"minecraft:oak_log":7,"minecraft:coal_ore":18,"minecraft:spruce_leaves":17,"minecraft:stone":23,"minecraft:sugar_cane":2,"minecraft:diorite":1,"minecraft:oak_leaves":3},"minecraft:crafted":{"minecraft:oak_planks":20,"minecraft:crafting_table":1,"minecraft:stick":8,"minecraft:wooden_pickaxe":1,"minecraft:stone_pickaxe":1,"minecraft:stone_axe":1},"minecraft:picked_up":{"minecraft:raw_iron":2,"minecraft:stick":2,"minecraft:crafting_table":1,"minecraft:oak_log":7,"minecraft:spruce_sapling":5,"minecraft:diorite":1,"minecraft:spruce_log":9,"minecraft:rotten_flesh":2,"minecraft:sugar_cane":2,"minecraft:coal":18,"minecraft:cobblestone":22},"minecraft:killed":{"minecraft:zombie":1,"minecraft:spider":1},"minecraft:used":{"minecraft:stone_pickaxe":41,"minecraft:wooden_pickaxe":3,"minecraft:rotten_flesh":2,"minecraft:stone_axe":35,"minecraft:crafting_table":1,"minecraft:spruce_log":1},"minecraft:killed_by":{"minecraft:spider":1,"minecraft:zombie":1}},"DataVersion":3465}