{"stats":{"minecraft:killed":{"minecraft:cave_spider":2,"minecraft:spider":2,"minecraft:skeleton":8,"minecraft:salmon":1,"minecraft:creeper":1,"minecraft:sheep":8,"minecraft:zombie":11,"minecraft:cow":7},"minecraft:dropped":{"minecraft:iron_ingot":9,"minecraft:activator_rail":4,"minecraft:gravel":13,"minecraft:stone_axe":1,"minecraft:raw_iron":4,"minecraft:pumpkin_seeds":22,"minecraft:filled_map":1,"minecraft:andesite":2,"minecraft:beetroot_seeds":4,"minecraft:melon_seeds":4,"minecraft:spider_eye":1,"minecraft:wooden_pickaxe":1,"minecraft:stone_pickaxe":2},"minecraft:broken":{"minecraft:iron_shovel":1,"minecraft:iron_pickaxe":1},"minecraft:picked_up":{"minecraft:crafting_table":8,"minecraft:chest_minecart":5,"minecraft:yellow_wool":6,"minecraft:enchanted_book":2,"minecraft:oak_trapdoor":1,"minecraft:string":130,"minecraft:iron_leggings":1,"minecraft:activator_rail":2,"minecraft:detector_rail":4,"minecraft:cobbled_deepslate":36,"minecraft:smooth_stone":1,"minecraft:beef":17,"minecraft:spruce_slab":3,"minecraft:chest":3,"minecraft:furnace":4,"minecraft:stick":4,"minecraft:raw_iron":40,"minecraft:sandstone":10,"minecraft:composter":1,"minecraft:oak_fence":28,"minecraft:torch":39,"minecraft:redstone":10,"minecraft:cauldron":4,"minecraft:rotten_flesh":9,"minecraft:arrow":10,"minecraft:beetroot_seeds":4,"minecraft:hay_block":51,"minecraft:gold_ingot":3,"minecraft:mutton":8,"minecraft:cobblestone":150,"minecraft:white_wool":16,"minecraft:rail":158,"minecraft:air":0,"minecraft:feather":1,"minecraft:tripwire_hook":2,"minecraft:glow_ink_sac":2,"minecraft:leather":7,"minecraft:tuff":9,"minecraft:oak_log":27,"minecraft:yellow_bed":7,"minecraft:gunpowder":1,"minecraft:lapis_lazuli":13,"minecraft:dirt":351,"minecraft:bone":6,"minecraft:stonecutter":1,"minecraft:wheat_seeds":7,"minecraft:raw_gold":20,"minecraft:bell":1,"minecraft:grindstone":1,"minecraft:stripped_oak_wood":1,"minecraft:oak_planks":28,"minecraft:oak_slab":12,"minecraft:dark_oak_slab":1,"minecraft:dandelion":1,"minecraft:oak_pressure_plate":1,"minecraft:gravel":2,"minecraft:sand":53,"minecraft:amethyst_shard":4,"minecraft:spruce_sapling":5,"minecraft:white_bed":5,"minecraft:spider_eye":1,"minecraft:pumpkin_seeds":4,"minecraft:diamond":3,"minecraft:lever":2,"minecraft:grass":1,"minecraft:oak_button":2,"minecraft:oak_sapling":6,"minecraft:melon_seeds":2,"minecraft:coal":14,"minecraft:oak_leaves":9},"minecraft:mined":{"minecraft:tuff":9,"minecraft:white_bed":5,"minecraft:deepslate_diamond_ore":2,"minecraft:lever":1,"minecraft:grass_block":80,"minecraft:composter":1,"minecraft:sandstone":10,"minecraft:spawner":1,"minecraft:hay_block":52,"minecraft:smooth_stone":1,"minecraft:oak_trapdoor":1,"minecraft:furnace":4,"minecraft:iron_ore":15,"minecraft:cobbled_deepslate":1,"minecraft:andesite":2,"minecraft:deepslate_lapis_ore":1,"minecraft:water_cauldron":4,"minecraft:deepslate_iron_ore":26,"minecraft:dirt_path":39,"minecraft:rail":168,"minecraft:white_tulip":1,"minecraft:stone":138,"minecraft:white_wool":6,"minecraft:spruce_slab":4,"minecraft:tripwire":53,"minecraft:deepslate_redstone_ore":2,"minecraft:oak_slab":12,"minecraft:amethyst_cluster":1,"minecraft:oak_fence":30,"minecraft:crafting_table":9,"minecraft:chest":3,"minecraft:tall_grass":7,"minecraft:cobblestone":25,"minecraft:lapis_ore":2,"minecraft:deepslate_gold_ore":22,"minecraft:grindstone":1,"minecraft:oak_planks":33,"minecraft:wall_torch":1,"minecraft:dark_oak_slab":1,"minecraft:yellow_wool":6,"minecraft:stripped_oak_wood":2,"minecraft:yellow_bed":7,"minecraft:grass":34,"minecraft:oak_log":29,"minecraft:coal_ore":12,"minecraft:gravel":4,"minecraft:sand":51,"minecraft:dirt":220,"minecraft:cobweb":3,"minecraft:tripwire_hook":3,"minecraft:oak_button":1,"minecraft:stonecutter":1,"minecraft:oak_leaves":19,"minecraft:deepslate":22},"minecraft:custom":{"minecraft:mob_kills":41,"minecraft:inspect_hopper":1,"minecraft:interact_with_crafting_table":41,"minecraft:open_barrel":3,"minecraft:bell_ring":8,"minecraft:leave_game":2,"minecraft:time_since_death":127493,"minecraft:climb_one_cm":385,"minecraft:sprint_one_cm":376653,"minecraft:walk_one_cm":256515,"minecraft:damage_blocked_by_shield":1180,"minecraft:drop":30,"minecraft:talked_to_villager":2,"minecraft:play_time":182743,"minecraft:deaths":1,"minecraft:sneak_time":6240,"minecraft:walk_under_water_one_cm":18331,"minecraft:jump":2246,"minecraft:walk_on_water_one_cm":107855,"minecraft:total_world_time":182743,"minecraft:interact_with_furnace":36,"minecraft:sleep_in_bed":4,"minecraft:time_since_rest":87329,"minecraft:damage_taken":1779,"minecraft:damage_dealt":6081,"minecraft:swim_one_cm":175024,"minecraft:fly_one_cm":352946,"minecraft:open_chest":51,"minecraft:crouch_one_cm":13242,"minecraft:fall_one_cm":54290},"minecraft:crafted":{"minecraft:oak_planks":68,"minecraft:tripwire_hook":2,"minecraft:furnace":1,"minecraft:lever":1,"minecraft:oak_trapdoor":6,"minecraft:hopper":2,"minecraft:glass":47,"minecraft:iron_boots":1,"minecraft:iron_axe":1,"minecraft:iron_hoe":1,"minecraft:stone_pickaxe":2,"minecraft:chest":4,"minecraft:oak_button":1,"minecraft:wheat":306,"minecraft:cooked_beef":11,"minecraft:diamond_sword":1,"sophisticatedbackpacks:backpack":1,"minecraft:crafting_table":2,"minecraft:wooden_pickaxe":1,"minecraft:bucket":1,"minecraft:stone_axe":2,"minecraft:bread":102,"minecraft:air":0,"aether:iron_gloves":1,"minecraft:iron_chestplate":1,"minecraft:shield":1,"minecraft:stick":28,"minecraft:iron_ingot":41,"minecraft:iron_pickaxe":2,"minecraft:gold_ingot":16,"minecraft:iron_shovel":2,"minecraft:iron_leggings":1,"minecraft:white_bed":1,"minecraft:shears":1},"minecraft:used":{"minecraft:oak_trapdoor":7,"minecraft:oak_fence":2,"minecraft:iron_shovel":346,"minecraft:chest":4,"minecraft:shield":45,"minecraft:bell":1,"minecraft:iron_chestplate":1,"minecraft:torch":27,"minecraft:dirt":77,"minecraft:hopper":1,"minecraft:tuff":9,"minecraft:iron_hoe":56,"minecraft:glass":47,"minecraft:iron_axe":127,"minecraft:iron_boots":1,"minecraft:tripwire_hook":5,"minecraft:furnace":5,"minecraft:cooked_beef":11,"minecraft:cobbled_deepslate":36,"minecraft:iron_leggings":1,"minecraft:water_bucket":4,"minecraft:stone_pickaxe":53,"minecraft:oak_planks":11,"minecraft:wooden_pickaxe":3,"minecraft:crafting_table":11,"minecraft:white_bed":5,"minecraft:shears":53,"minecraft:oak_log":1,"minecraft:lever":3,"minecraft:bread":19,"minecraft:oak_button":2,"minecraft:string":131,"minecraft:iron_pickaxe":425,"minecraft:oak_pressure_plate":1,"minecraft:gravel":4,"minecraft:stone_axe":63,"minecraft:diamond_sword":41,"minecraft:cobblestone":93,"minecraft:grindstone":1,"minecraft:bucket":4,"minecraft:yellow_bed":7}},"DataVersion":3465}