{"stats":{"minecraft:killed":{"minecraft:cave_spider":2,"minecraft:salmon":1,"minecraft:spider":1,"minecraft:creeper":1,"minecraft:sheep":8,"minecraft:skeleton":8,"minecraft:zombie":6,"minecraft:cow":7},"minecraft:picked_up":{"minecraft:crafting_table":8,"minecraft:air":0,"minecraft:glow_ink_sac":2,"minecraft:chest_minecart":5,"minecraft:leather":7,"minecraft:enchanted_book":2,"minecraft:tuff":9,"minecraft:oak_log":11,"minecraft:gunpowder":1,"minecraft:lapis_lazuli":13,"minecraft:string":6,"minecraft:iron_leggings":1,"minecraft:bone":6,"minecraft:activator_rail":2,"minecraft:cobbled_deepslate":36,"minecraft:detector_rail":4,"minecraft:raw_gold":20,"minecraft:beef":17,"minecraft:chest":2,"minecraft:oak_planks":9,"minecraft:furnace":4,"minecraft:raw_iron":33,"minecraft:oak_fence":2,"minecraft:torch":22,"minecraft:gravel":2,"minecraft:amethyst_shard":4,"minecraft:white_bed":2,"minecraft:redstone":10,"minecraft:pumpkin_seeds":4,"minecraft:arrow":10,"minecraft:rotten_flesh":5,"minecraft:diamond":3,"minecraft:beetroot_seeds":4,"minecraft:gold_ingot":3,"minecraft:oak_sapling":2,"minecraft:melon_seeds":2,"minecraft:mutton":8,"minecraft:coal":8,"minecraft:white_wool":10,"minecraft:rail":158,"minecraft:cobblestone":61},"minecraft:mined":{"minecraft:deepslate_redstone_ore":2,"minecraft:tuff":9,"minecraft:white_bed":2,"minecraft:deepslate_diamond_ore":2,"minecraft:amethyst_cluster":1,"minecraft:oak_fence":2,"minecraft:crafting_table":9,"minecraft:chest":2,"minecraft:tall_grass":5,"minecraft:cobblestone":10,"minecraft:lapis_ore":2,"minecraft:deepslate_gold_ore":22,"minecraft:oak_planks":13,"minecraft:spawner":1,"minecraft:furnace":4,"minecraft:iron_ore":8,"minecraft:cobbled_deepslate":1,"minecraft:andesite":2,"minecraft:deepslate_lapis_ore":1,"minecraft:grass":1,"minecraft:oak_log":13,"minecraft:coal_ore":6,"minecraft:deepslate_iron_ore":26,"minecraft:rail":168,"minecraft:gravel":4,"minecraft:cobweb":3,"minecraft:stone":63,"minecraft:white_tulip":1,"minecraft:deepslate":22},"minecraft:used":{"minecraft:stone_pickaxe":53,"minecraft:oak_planks":1,"minecraft:wooden_pickaxe":3,"minecraft:shield":41,"minecraft:iron_chestplate":1,"minecraft:torch":14,"minecraft:crafting_table":10,"minecraft:white_bed":2,"minecraft:tuff":9,"minecraft:iron_axe":28,"minecraft:bread":3,"minecraft:iron_pickaxe":297,"minecraft:iron_boots":1,"minecraft:gravel":4,"minecraft:diamond_sword":19,"minecraft:stone_axe":63,"minecraft:cobblestone":44,"minecraft:furnace":4,"minecraft:cooked_beef":11,"minecraft:cobbled_deepslate":36,"minecraft:iron_leggings":1},"minecraft:dropped":{"minecraft:gravel":13,"minecraft:iron_ingot":9,"minecraft:stone_axe":1,"minecraft:raw_iron":4,"minecraft:activator_rail":4,"minecraft:pumpkin_seeds":22,"minecraft:andesite":2,"minecraft:beetroot_seeds":4,"minecraft:melon_seeds":4,"minecraft:stone_pickaxe":2,"minecraft:wooden_pickaxe":1},"minecraft:crafted":{"minecraft:cooked_beef":11,"minecraft:oak_planks":24,"minecraft:diamond_sword":1,"sophisticatedbackpacks:backpack":1,"minecraft:crafting_table":1,"minecraft:wooden_pickaxe":1,"minecraft:furnace":1,"minecraft:stone_axe":2,"minecraft:air":0,"aether:iron_gloves":1,"minecraft:iron_boots":1,"minecraft:iron_chestplate":1,"minecraft:shield":1,"minecraft:iron_axe":1,"minecraft:stick":20,"minecraft:iron_ingot":29,"minecraft:iron_pickaxe":2,"minecraft:stone_pickaxe":2,"minecraft:chest":1,"minecraft:iron_leggings":1,"minecraft:white_bed":1},"minecraft:broken":{"minecraft:iron_pickaxe":1},"minecraft:custom":{"minecraft:interact_with_furnace":23,"minecraft:mob_kills":34,"minecraft:interact_with_crafting_table":26,"minecraft:leave_game":1,"minecraft:time_since_death":13187,"minecraft:sleep_in_bed":2,"minecraft:time_since_rest":1749,"minecraft:sprint_one_cm":206190,"minecraft:damage_taken":1346,"minecraft:walk_one_cm":111223,"minecraft:damage_blocked_by_shield":965,"minecraft:drop":28,"minecraft:damage_dealt":4715,"minecraft:swim_one_cm":41098,"minecraft:fly_one_cm":118981,"minecraft:open_chest":2,"minecraft:play_time":68437,"minecraft:crouch_one_cm":3012,"minecraft:sneak_time":2216,"minecraft:deaths":1,"minecraft:walk_under_water_one_cm":4710,"minecraft:jump":839,"minecraft:walk_on_water_one_cm":26642,"minecraft:total_world_time":68437,"minecraft:fall_one_cm":22340}},"DataVersion":3465}