{"stats":{"minecraft:mined":{"minecraft:furnace":1,"minecraft:deepslate_diamond_ore":3,"minecraft:cobbled_deepslate":3,"minecraft:iron_ore":22,"minecraft:spruce_log":5,"minecraft:powder_snow":5,"minecraft:crafting_table":3,"minecraft:coal_ore":5,"minecraft:chest":2,"minecraft:dirt":4,"minecraft:lapis_ore":4,"minecraft:deepslate_gold_ore":1,"minecraft:spruce_leaves":2,"minecraft:stone":35,"minecraft:gold_ore":9,"minecraft:diorite":1,"minecraft:deepslate":18,"minecraft:spawner":1},"minecraft:picked_up":{"minecraft:raw_iron":23,"minecraft:crafting_table":3,"minecraft:wheat":3,"paraglider:spirit_orb":2,"minecraft:diamond_horse_armor":1,"minecraft:lapis_lazuli":25,"minecraft:diorite":1,"minecraft:spruce_log":5,"minecraft:string":5,"minecraft:iron_horse_armor":1,"minecraft:dirt":4,"minecraft:arrow":2,"minecraft:pumpkin_seeds":4,"minecraft:bone":26,"minecraft:rotten_flesh":6,"minecraft:diamond":3,"minecraft:cobbled_deepslate":21,"minecraft:raw_gold":10,"minecraft:golden_apple":1,"minecraft:golden_horse_armor":1,"minecraft:chest":2,"minecraft:coal":9,"minecraft:furnace":1,"minecraft:cobblestone":34},"minecraft:killed":{"minecraft:skeleton":1},"minecraft:killed_by":{"minecraft:spider":1},"minecraft:custom":{"minecraft:time_since_rest":38,"minecraft:interact_with_furnace":4,"minecraft:sprint_one_cm":31589,"minecraft:damage_taken":250,"minecraft:walk_one_cm":19317,"minecraft:mob_kills":1,"minecraft:damage_dealt":100,"minecraft:swim_one_cm":1581,"minecraft:fly_one_cm":13594,"minecraft:interact_with_crafting_table":8,"minecraft:open_chest":1,"minecraft:crouch_one_cm":1148,"minecraft:deaths":1,"minecraft:play_time":15503,"minecraft:sneak_time":821,"minecraft:walk_under_water_one_cm":653,"minecraft:jump":269,"minecraft:walk_on_water_one_cm":1128,"minecraft:leave_game":1,"minecraft:time_since_death":0,"minecraft:total_world_time":15503,"minecraft:fall_one_cm":6181},"minecraft:crafted":{"minecraft:crafting_table":1,"minecraft:spruce_planks":20,"minecraft:stick":8,"minecraft:iron_pickaxe":1,"minecraft:iron_ingot":5,"minecraft:wooden_pickaxe":1,"minecraft:stone_pickaxe":1,"minecraft:furnace":1,"minecraft:stone_axe":1,"minecraft:bread":1,"minecraft:air":0},"minecraft:used":{"minecraft:bread":1,"minecraft:stone_pickaxe":45,"minecraft:iron_pickaxe":56,"minecraft:spruce_planks":3,"minecraft:wooden_pickaxe":3,"minecraft:stone_axe":6,"minecraft:dirt":4,"minecraft:cobblestone":13,"minecraft:crafting_table":3,"minecraft:furnace":1,"minecraft:cobbled_deepslate":19}},"DataVersion":3465}