{"stats":{"minecraft:killed":{"minecraft:skeleton":1},"minecraft:mined":{"minecraft:deepslate_diamond_ore":3,"minecraft:powder_snow":84,"minecraft:crafting_table":3,"minecraft:granite":3,"minecraft:grass_block":1,"minecraft:chest":2,"minecraft:deepslate_gold_ore":1,"minecraft:spruce_leaves":10,"minecraft:lapis_ore":4,"minecraft:sculk":4,"minecraft:diorite":1,"minecraft:spawner":1,"minecraft:furnace":1,"minecraft:iron_ore":30,"minecraft:cobbled_deepslate":3,"minecraft:spruce_log":6,"minecraft:coal_ore":5,"minecraft:dirt":15,"minecraft:stone":38,"minecraft:gold_ore":9,"minecraft:deepslate":18},"minecraft:picked_up":{"minecraft:crafting_table":3,"minecraft:wheat":3,"paraglider:spirit_orb":2,"minecraft:diamond_horse_armor":1,"minecraft:lapis_lazuli":25,"minecraft:string":5,"minecraft:dirt":16,"minecraft:bone":26,"minecraft:cobbled_deepslate":21,"minecraft:raw_gold":10,"minecraft:chest":2,"minecraft:furnace":1,"minecraft:raw_iron":31,"minecraft:spruce_sapling":1,"minecraft:diorite":1,"minecraft:spruce_log":6,"minecraft:iron_horse_armor":1,"minecraft:pumpkin_seeds":4,"minecraft:arrow":2,"minecraft:rotten_flesh":6,"minecraft:diamond":3,"minecraft:granite":3,"minecraft:golden_apple":1,"minecraft:golden_horse_armor":1,"minecraft:coal":9,"minecraft:cobblestone":37},"minecraft:killed_by":{"minecraft:spider":1},"minecraft:custom":{"minecraft:interact_with_furnace":5,"minecraft:mob_kills":1,"minecraft:interact_with_crafting_table":8,"minecraft:leave_game":3,"minecraft:time_since_death":6806,"minecraft:time_since_rest":6983,"minecraft:sprint_one_cm":59802,"minecraft:walk_one_cm":28694,"minecraft:damage_taken":1180,"minecraft:damage_absorbed":40,"minecraft:damage_dealt":109,"minecraft:swim_one_cm":5117,"minecraft:fly_one_cm":58888,"minecraft:open_chest":1,"minecraft:crouch_one_cm":1425,"minecraft:play_time":26676,"minecraft:deaths":2,"minecraft:sneak_time":1152,"minecraft:walk_under_water_one_cm":3183,"minecraft:jump":566,"minecraft:walk_on_water_one_cm":5613,"minecraft:total_world_time":26676,"minecraft:fall_one_cm":15562},"minecraft:crafted":{"minecraft:crafting_table":1,"minecraft:spruce_planks":24,"minecraft:wooden_pickaxe":1,"minecraft:furnace":1,"minecraft:stone_axe":1,"minecraft:bread":1,"minecraft:air":0,"minecraft:stick":8,"minecraft:iron_ingot":5,"minecraft:iron_pickaxe":1,"minecraft:stone_pickaxe":1},"minecraft:used":{"minecraft:diorite":1,"minecraft:stone_pickaxe":45,"minecraft:spruce_planks":11,"minecraft:wooden_pickaxe":3,"minecraft:rotten_flesh":2,"minecraft:golden_apple":1,"minecraft:dirt":15,"minecraft:crafting_table":3,"minecraft:granite":2,"minecraft:bread":1,"minecraft:iron_pickaxe":71,"minecraft:stone_axe":6,"minecraft:cobblestone":20,"minecraft:furnace":2,"minecraft:cobbled_deepslate":21}},"DataVersion":3465}