{"stats":{"minecraft:killed":{"minecraft:skeleton":1,"minecraft:salmon":1,"minecraft:cow":7},"minecraft:dropped":{"minecraft:stone_axe":1,"minecraft:stone_pickaxe":1},"minecraft:mined":{"minecraft:deepslate_redstone_ore":2,"minecraft:furnace":2,"minecraft:iron_ore":3,"minecraft:crafting_table":3,"minecraft:oak_log":5,"minecraft:coal_ore":6,"minecraft:deepslate_iron_ore":21,"minecraft:gravel":1,"minecraft:cobblestone":5,"minecraft:deepslate_gold_ore":3,"minecraft:lapis_ore":2,"minecraft:stone":39,"minecraft:white_tulip":1,"minecraft:deepslate":11},"minecraft:used":{"minecraft:stone_pickaxe":53,"minecraft:iron_pickaxe":40,"minecraft:wooden_pickaxe":3,"minecraft:stone_axe":16,"minecraft:cobblestone":20,"minecraft:crafting_table":3,"minecraft:furnace":3,"minecraft:cooked_beef":5},"minecraft:picked_up":{"minecraft:crafting_table":3,"minecraft:raw_iron":24,"minecraft:glow_ink_sac":2,"minecraft:leather":7,"minecraft:gravel":1,"minecraft:oak_log":5,"minecraft:redstone":10,"minecraft:lapis_lazuli":13,"minecraft:bone":2,"minecraft:arrow":3,"minecraft:cobbled_deepslate":12,"minecraft:raw_gold":3,"minecraft:beef":17,"minecraft:coal":6,"minecraft:cobblestone":43,"minecraft:furnace":2},"minecraft:custom":{"minecraft:time_since_rest":17507,"minecraft:interact_with_furnace":9,"minecraft:sprint_one_cm":39482,"minecraft:walk_one_cm":26620,"minecraft:damage_taken":605,"minecraft:mob_kills":9,"minecraft:drop":2,"minecraft:damage_dealt":967,"minecraft:swim_one_cm":9685,"minecraft:interact_with_crafting_table":8,"minecraft:fly_one_cm":48309,"minecraft:crouch_one_cm":1184,"minecraft:play_time":17507,"minecraft:sneak_time":1110,"minecraft:walk_under_water_one_cm":3304,"minecraft:jump":289,"minecraft:time_since_death":17507,"minecraft:walk_on_water_one_cm":10195,"minecraft:total_world_time":17507,"minecraft:fall_one_cm":12629},"minecraft:crafted":{"minecraft:cooked_beef":5,"minecraft:oak_planks":20,"minecraft:crafting_table":1,"minecraft:stick":12,"minecraft:iron_ingot":3,"minecraft:wooden_pickaxe":1,"minecraft:iron_pickaxe":1,"minecraft:stone_pickaxe":2,"minecraft:furnace":1,"minecraft:stone_axe":2,"minecraft:air":0}},"DataVersion":3465}