{"stats":{"minecraft:killed":{"minecraft:skeleton":5,"minecraft:cave_spider":2,"minecraft:zombie":3,"minecraft:salmon":1,"minecraft:creeper":1,"minecraft:cow":7},"minecraft:dropped":{"minecraft:stone_axe":1,"minecraft:stone_pickaxe":1},"minecraft:mined":{"minecraft:deepslate_redstone_ore":2,"minecraft:tuff":3,"minecraft:furnace":3,"minecraft:deepslate_diamond_ore":2,"minecraft:iron_ore":3,"minecraft:crafting_table":4,"minecraft:oak_log":5,"minecraft:coal_ore":6,"minecraft:deepslate_iron_ore":26,"minecraft:rail":92,"minecraft:gravel":2,"minecraft:cobblestone":7,"minecraft:deepslate_gold_ore":17,"minecraft:lapis_ore":2,"minecraft:stone":39,"minecraft:white_tulip":1,"minecraft:deepslate":16,"minecraft:spawner":1},"minecraft:used":{"minecraft:stone_pickaxe":53,"minecraft:iron_pickaxe":166,"minecraft:shield":32,"minecraft:wooden_pickaxe":3,"minecraft:iron_boots":1,"minecraft:iron_chestplate":1,"minecraft:stone_axe":43,"minecraft:torch":9,"minecraft:cobblestone":23,"minecraft:crafting_table":5,"minecraft:furnace":4,"minecraft:tuff":3,"minecraft:cooked_beef":9},"minecraft:picked_up":{"minecraft:crafting_table":4,"minecraft:raw_iron":29,"minecraft:glow_ink_sac":2,"minecraft:leather":7,"minecraft:gravel":2,"minecraft:tuff":3,"minecraft:oak_log":5,"minecraft:string":1,"minecraft:gunpowder":1,"minecraft:redstone":10,"minecraft:lapis_lazuli":13,"minecraft:bone":6,"minecraft:arrow":10,"minecraft:diamond":2,"minecraft:cobbled_deepslate":25,"minecraft:raw_gold":16,"minecraft:beef":17,"minecraft:coal":6,"minecraft:rail":91,"minecraft:cobblestone":45,"minecraft:furnace":3},"minecraft:custom":{"minecraft:time_since_rest":29507,"minecraft:interact_with_furnace":17,"minecraft:sprint_one_cm":64471,"minecraft:walk_one_cm":55863,"minecraft:damage_taken":916,"minecraft:damage_blocked_by_shield":755,"minecraft:mob_kills":19,"minecraft:drop":2,"minecraft:damage_dealt":2838,"minecraft:swim_one_cm":10849,"minecraft:interact_with_crafting_table":12,"minecraft:fly_one_cm":55572,"minecraft:crouch_one_cm":1651,"minecraft:play_time":29507,"minecraft:sneak_time":1376,"minecraft:walk_under_water_one_cm":3845,"minecraft:jump":358,"minecraft:time_since_death":29507,"minecraft:walk_on_water_one_cm":18856,"minecraft:total_world_time":29507,"minecraft:fall_one_cm":14020},"minecraft:crafted":{"aether:iron_gloves":1,"minecraft:cooked_beef":11,"minecraft:oak_planks":20,"minecraft:iron_chestplate":1,"minecraft:iron_boots":1,"minecraft:shield":1,"minecraft:crafting_table":1,"minecraft:stick":12,"minecraft:iron_ingot":19,"minecraft:wooden_pickaxe":1,"minecraft:iron_pickaxe":1,"minecraft:stone_pickaxe":2,"minecraft:furnace":1,"minecraft:stone_axe":2,"minecraft:air":0}},"DataVersion":3465}