{"stats":{"minecraft:killed":{"minecraft:cave_spider":2,"minecraft:spider":2,"minecraft:skeleton":8,"minecraft:salmon":1,"minecraft:creeper":1,"minecraft:sheep":8,"minecraft:zombie":11,"minecraft:cow":7},"minecraft:dropped":{"minecraft:iron_ingot":9,"minecraft:activator_rail":4,"minecraft:gravel":13,"minecraft:stone_axe":1,"minecraft:raw_iron":4,"minecraft:pumpkin_seeds":22,"minecraft:filled_map":1,"minecraft:andesite":2,"minecraft:beetroot_seeds":4,"minecraft:melon_seeds":4,"minecraft:spider_eye":1,"minecraft:wooden_pickaxe":1,"minecraft:stone_pickaxe":2},"minecraft:broken":{"minecraft:iron_shovel":1,"minecraft:iron_pickaxe":1},"minecraft:picked_up":{"minecraft:crafting_table":8,"minecraft:chest_minecart":5,"minecraft:yellow_wool":6,"minecraft:enchanted_book":2,"minecraft:string":6,"minecraft:iron_leggings":1,"minecraft:activator_rail":2,"minecraft:detector_rail":4,"minecraft:cobbled_deepslate":36,"minecraft:smooth_stone":1,"minecraft:beef":17,"minecraft:spruce_slab":3,"minecraft:chest":2,"minecraft:furnace":4,"minecraft:raw_iron":40,"minecraft:sandstone":10,"minecraft:composter":1,"minecraft:oak_fence":25,"minecraft:torch":29,"minecraft:redstone":10,"minecraft:cauldron":4,"minecraft:rotten_flesh":9,"minecraft:arrow":10,"minecraft:beetroot_seeds":4,"minecraft:hay_block":51,"minecraft:gold_ingot":3,"minecraft:mutton":8,"minecraft:cobblestone":135,"minecraft:white_wool":16,"minecraft:rail":158,"minecraft:air":0,"minecraft:glow_ink_sac":2,"minecraft:leather":7,"minecraft:tuff":9,"minecraft:oak_log":26,"minecraft:yellow_bed":7,"minecraft:gunpowder":1,"minecraft:lapis_lazuli":13,"minecraft:dirt":342,"minecraft:bone":6,"minecraft:stonecutter":1,"minecraft:wheat_seeds":5,"minecraft:raw_gold":20,"minecraft:grindstone":1,"minecraft:oak_planks":21,"minecraft:oak_slab":12,"minecraft:dark_oak_slab":1,"minecraft:oak_pressure_plate":1,"minecraft:gravel":2,"minecraft:sand":53,"minecraft:amethyst_shard":4,"minecraft:spruce_sapling":5,"minecraft:white_bed":5,"minecraft:spider_eye":1,"minecraft:pumpkin_seeds":4,"minecraft:diamond":3,"minecraft:oak_sapling":2,"minecraft:melon_seeds":2,"minecraft:coal":14},"minecraft:mined":{"minecraft:tuff":9,"minecraft:white_bed":5,"minecraft:deepslate_diamond_ore":2,"minecraft:grass_block":75,"minecraft:composter":1,"minecraft:sandstone":10,"minecraft:spawner":1,"minecraft:hay_block":52,"minecraft:smooth_stone":1,"minecraft:furnace":4,"minecraft:iron_ore":15,"minecraft:cobbled_deepslate":1,"minecraft:andesite":2,"minecraft:deepslate_lapis_ore":1,"minecraft:water_cauldron":4,"minecraft:deepslate_iron_ore":26,"minecraft:dirt_path":39,"minecraft:rail":168,"minecraft:white_tulip":1,"minecraft:stone":138,"minecraft:white_wool":6,"minecraft:spruce_slab":4,"minecraft:deepslate_redstone_ore":2,"minecraft:oak_slab":12,"minecraft:amethyst_cluster":1,"minecraft:oak_fence":27,"minecraft:crafting_table":9,"minecraft:chest":2,"minecraft:tall_grass":7,"minecraft:cobblestone":10,"minecraft:lapis_ore":2,"minecraft:deepslate_gold_ore":22,"minecraft:grindstone":1,"minecraft:oak_planks":25,"minecraft:dark_oak_slab":1,"minecraft:yellow_wool":6,"minecraft:yellow_bed":7,"minecraft:grass":19,"minecraft:oak_log":28,"minecraft:coal_ore":12,"minecraft:gravel":4,"minecraft:sand":51,"minecraft:dirt":216,"minecraft:cobweb":3,"minecraft:stonecutter":1,"minecraft:oak_leaves":5,"minecraft:deepslate":22},"minecraft:custom":{"minecraft:mob_kills":41,"minecraft:interact_with_crafting_table":31,"minecraft:open_barrel":3,"minecraft:bell_ring":8,"minecraft:leave_game":2,"minecraft:time_since_death":79493,"minecraft:climb_one_cm":385,"minecraft:sprint_one_cm":339180,"minecraft:walk_one_cm":198505,"minecraft:damage_blocked_by_shield":1180,"minecraft:drop":30,"minecraft:talked_to_villager":2,"minecraft:play_time":134743,"minecraft:deaths":1,"minecraft:sneak_time":3009,"minecraft:walk_under_water_one_cm":15404,"minecraft:jump":1701,"minecraft:walk_on_water_one_cm":47024,"minecraft:total_world_time":134743,"minecraft:interact_with_furnace":32,"minecraft:sleep_in_bed":4,"minecraft:time_since_rest":39329,"minecraft:damage_taken":1769,"minecraft:damage_dealt":6081,"minecraft:swim_one_cm":173692,"minecraft:fly_one_cm":320014,"minecraft:open_chest":26,"minecraft:crouch_one_cm":4739,"minecraft:fall_one_cm":44705},"minecraft:crafted":{"minecraft:oak_planks":24,"minecraft:furnace":1,"minecraft:lever":1,"minecraft:glass":13,"minecraft:iron_boots":1,"minecraft:iron_axe":1,"minecraft:iron_hoe":1,"minecraft:stone_pickaxe":2,"minecraft:chest":1,"minecraft:wheat":306,"minecraft:cooked_beef":11,"minecraft:diamond_sword":1,"sophisticatedbackpacks:backpack":1,"minecraft:crafting_table":1,"minecraft:wooden_pickaxe":1,"minecraft:stone_axe":2,"minecraft:bread":102,"minecraft:air":0,"aether:iron_gloves":1,"minecraft:iron_chestplate":1,"minecraft:shield":1,"minecraft:stick":24,"minecraft:iron_ingot":29,"minecraft:iron_pickaxe":2,"minecraft:gold_ingot":16,"minecraft:iron_shovel":2,"minecraft:iron_leggings":1,"minecraft:white_bed":1},"minecraft:used":{"minecraft:oak_fence":1,"minecraft:iron_shovel":342,"minecraft:chest":2,"minecraft:shield":45,"minecraft:iron_chestplate":1,"minecraft:torch":27,"minecraft:dirt":71,"minecraft:tuff":9,"minecraft:iron_hoe":56,"minecraft:glass":13,"minecraft:iron_axe":109,"minecraft:iron_boots":1,"minecraft:furnace":5,"minecraft:cooked_beef":11,"minecraft:cobbled_deepslate":36,"minecraft:iron_leggings":1,"minecraft:stone_pickaxe":53,"minecraft:oak_planks":1,"minecraft:wooden_pickaxe":3,"minecraft:crafting_table":10,"minecraft:white_bed":5,"minecraft:oak_log":1,"minecraft:bread":17,"minecraft:iron_pickaxe":409,"minecraft:oak_pressure_plate":1,"minecraft:gravel":4,"minecraft:stone_axe":63,"minecraft:diamond_sword":39,"minecraft:cobblestone":44,"minecraft:grindstone":1,"minecraft:yellow_bed":7}},"DataVersion":3465}