{"stats":{"minecraft:picked_up":{"minecraft:spruce_log":5,"minecraft:dirt":4,"minecraft:cobblestone":6},"minecraft:mined":{"minecraft:dirt":4,"minecraft:spruce_leaves":2,"minecraft:spruce_log":5,"minecraft:stone":7,"minecraft:powder_snow":5},"minecraft:custom":{"minecraft:time_since_rest":3503,"minecraft:crouch_one_cm":1105,"minecraft:play_time":3503,"minecraft:sprint_one_cm":5011,"minecraft:damage_taken":40,"minecraft:walk_one_cm":2009,"minecraft:sneak_time":369,"minecraft:jump":34,"minecraft:time_since_death":3503,"minecraft:leave_game":1,"minecraft:total_world_time":3503,"minecraft:interact_with_crafting_table":2,"minecraft:fall_one_cm":1769,"minecraft:fly_one_cm":2414},"minecraft:crafted":{"minecraft:crafting_table":1,"minecraft:spruce_planks":20,"minecraft:stick":4,"minecraft:stone_pickaxe":1,"minecraft:wooden_pickaxe":1},"minecraft:used":{"minecraft:dirt":4,"minecraft:crafting_table":1,"minecraft:stone_pickaxe":4,"minecraft:wooden_pickaxe":3}},"DataVersion":3465}