{"stats":{"minecraft:killed":{"minecraft:spider":7,"minecraft:skeleton":3,"minecraft:pig":2,"minecraft:sheep":1,"minecraft:zombie":9,"minecraft:stray":1,"minecraft:cow":6},"minecraft:mined":{"minecraft:stone_pressure_plate":1,"minecraft:deepslate_diamond_ore":3,"minecraft:granite":7,"minecraft:grass_block":6,"minecraft:spruce_leaves":26,"minecraft:spawner":12,"minecraft:furnace":2,"minecraft:iron_ore":30,"minecraft:cobbled_deepslate":3,"minecraft:fire":2,"minecraft:iron_bars":12,"minecraft:stone":83,"minecraft:powder_snow":265,"minecraft:crafting_table":4,"minecraft:torch":1,"minecraft:emerald_ore":1,"minecraft:poppy":1,"minecraft:chest":2,"minecraft:tall_grass":4,"minecraft:cobblestone":4,"minecraft:lapis_ore":4,"minecraft:deepslate_gold_ore":1,"minecraft:sculk":4,"minecraft:diorite":1,"minecraft:wall_torch":2,"minecraft:light_blue_terracotta":1,"minecraft:lime_bed":2,"minecraft:spruce_log":15,"minecraft:birch_leaves":2,"minecraft:stone_brick_stairs":2,"minecraft:yellow_stained_glass_pane":4,"minecraft:grass":1,"minecraft:coal_ore":5,"minecraft:pink_stained_glass_pane":5,"minecraft:gravel":1,"minecraft:dirt":43,"minecraft:stone_bricks":8,"minecraft:mossy_stone_bricks":1,"minecraft:gold_ore":9,"minecraft:oak_leaves":1,"minecraft:deepslate":18,"minecraft:fern":1},"minecraft:picked_up":{"minecraft:crafting_table":4,"minecraft:wheat":3,"minecraft:diamond_horse_armor":1,"minecraft:stone_brick_stairs":2,"minecraft:shield":2,"minecraft:string":11,"minecraft:cracked_stone_bricks":1,"minecraft:cobbled_deepslate":21,"minecraft:beef":11,"minecraft:poppy":1,"minecraft:chest":2,"minecraft:birch_sapling":1,"minecraft:furnace":2,"minecraft:stick":2,"minecraft:raw_iron":31,"minecraft:torch":6,"minecraft:diorite":1,"minecraft:iron_horse_armor":1,"minecraft:stone_sword":1,"minecraft:arrow":6,"minecraft:rotten_flesh":11,"minecraft:white_terracotta":1,"minecraft:mutton":2,"minecraft:iron_bars":18,"minecraft:white_wool":1,"minecraft:cobblestone":79,"minecraft:lime_bed":2,"minecraft:feather":3,"minecraft:leather":3,"paraglider:spirit_orb":26,"minecraft:lapis_lazuli":25,"minecraft:dirt":37,"minecraft:bone":30,"minecraft:stone_bricks":7,"minecraft:wheat_seeds":1,"minecraft:raw_gold":10,"minecraft:mossy_stone_bricks":1,"minecraft:glass_bottle":1,"minecraft:cooked_porkchop":3,"minecraft:spruce_sapling":2,"minecraft:spruce_log":15,"minecraft:spider_eye":4,"minecraft:pumpkin_seeds":4,"minecraft:diamond":3,"minecraft:granite":7,"minecraft:golden_apple":1,"minecraft:emerald":1,"minecraft:golden_horse_armor":1,"minecraft:bread":1,"minecraft:coal":9},"minecraft:broken":{"minecraft:stone_sword":1},"minecraft:killed_by":{"minecraft:spider":1,"minecraft:zombie":1},"minecraft:dropped":{"minecraft:bread":2,"minecraft:glass_bottle":1,"minecraft:shield":3,"minecraft:iron_bars":10},"minecraft:custom":{"minecraft:mob_kills":29,"minecraft:interact_with_crafting_table":16,"minecraft:open_barrel":1,"minecraft:leave_game":4,"minecraft:time_since_death":27450,"minecraft:climb_one_cm":436,"minecraft:sprint_one_cm":404888,"minecraft:walk_one_cm":158686,"minecraft:damage_blocked_by_shield":760,"minecraft:drop":8,"minecraft:play_time":119735,"minecraft:deaths":3,"minecraft:sneak_time":2598,"minecraft:walk_under_water_one_cm":8253,"minecraft:jump":2130,"minecraft:walk_on_water_one_cm":10298,"minecraft:total_world_time":119735,"minecraft:interact_with_furnace":9,"minecraft:sleep_in_bed":2,"minecraft:time_since_rest":18575,"minecraft:waystone_activated":1,"minecraft:damage_taken":2690,"minecraft:damage_absorbed":40,"minecraft:damage_dealt":4589,"minecraft:swim_one_cm":25844,"minecraft:fly_one_cm":418496,"minecraft:open_chest":38,"minecraft:crouch_one_cm":3834,"minecraft:interact_with_smoker":1,"minecraft:fall_one_cm":55869},"minecraft:crafted":{"minecraft:furnace":1,"minecraft:flint_and_steel":1,"minecraft:iron_boots":1,"minecraft:iron_axe":1,"minecraft:stone_pickaxe":1,"paraglider:paraglider":1,"minecraft:red_dye":1,"minecraft:cooked_porkchop":0,"minecraft:crafting_table":2,"minecraft:spruce_planks":60,"minecraft:wooden_pickaxe":1,"minecraft:iron_helmet":1,"minecraft:bucket":1,"minecraft:stone_axe":1,"minecraft:bread":1,"minecraft:air":0,"minecraft:white_wool":3,"minecraft:iron_chestplate":1,"minecraft:stick":16,"minecraft:iron_ingot":30,"minecraft:iron_pickaxe":1,"minecraft:gold_ingot":10,"minecraft:iron_leggings":1,"minecraft:white_bed":1},"minecraft:used":{"minecraft:iron_bars":2,"minecraft:stone_sword":8,"minecraft:iron_shovel":10,"minecraft:flint_and_steel":4,"minecraft:chest":2,"minecraft:spruce_planks":38,"minecraft:shield":25,"minecraft:rotten_flesh":5,"minecraft:iron_chestplate":1,"minecraft:torch":42,"minecraft:dirt":36,"minecraft:mutton":2,"minecraft:granite":7,"minecraft:iron_axe":85,"minecraft:stone_bricks":7,"minecraft:beef":3,"minecraft:furnace":3,"minecraft:cooked_beef":4,"minecraft:cobbled_deepslate":21,"minecraft:powder_snow_bucket":4,"minecraft:cooked_mutton":4,"minecraft:mossy_stone_bricks":1,"minecraft:water_bucket":2,"minecraft:diorite":1,"minecraft:stone_pickaxe":45,"minecraft:baked_potato":3,"minecraft:wooden_pickaxe":3,"minecraft:white_wool":7,"minecraft:golden_apple":1,"minecraft:crafting_table":6,"minecraft:lime_bed":2,"minecraft:white_bed":1,"minecraft:black_wool":1,"minecraft:bread":3,"minecraft:iron_pickaxe":183,"minecraft:stone_axe":10,"minecraft:cobblestone":103,"minecraft:potion":2,"minecraft:cooked_porkchop":5,"minecraft:cooked_rabbit":2,"minecraft:bucket":7}},"DataVersion":3465}