{"stats":{"minecraft:custom":{"minecraft:time_since_rest":6851,"minecraft:sprint_one_cm":70813,"minecraft:damage_taken":840,"minecraft:walk_one_cm":33260,"minecraft:mob_kills":14,"minecraft:damage_dealt":2540,"minecraft:swim_one_cm":14163,"minecraft:interact_with_crafting_table":8,"minecraft:fly_one_cm":187653,"minecraft:open_chest":1,"minecraft:play_time":23275,"minecraft:deaths":3,"minecraft:sneak_time":23,"minecraft:walk_under_water_one_cm":869,"minecraft:jump":754,"minecraft:leave_game":3,"minecraft:time_since_death":6828,"minecraft:walk_on_water_one_cm":3282,"minecraft:sleep_in_bed":1,"minecraft:total_world_time":23275,"minecraft:fall_one_cm":18698},"minecraft:mined":{"minecraft:white_bed":1,"minecraft:iron_ore":2,"minecraft:spruce_log":9,"minecraft:crafting_table":2,"minecraft:grass":12,"minecraft:oak_log":8,"minecraft:coal_ore":18,"minecraft:chest":1,"minecraft:tall_grass":8,"minecraft:spruce_leaves":17,"minecraft:stone":23,"minecraft:sugar_cane":3,"minecraft:diorite":1,"minecraft:oak_leaves":5},"minecraft:crafted":{"minecraft:wooden_sword":1,"minecraft:oak_planks":32,"minecraft:crafting_table":2,"minecraft:stick":12,"minecraft:wooden_pickaxe":1,"minecraft:stone_pickaxe":1,"minecraft:white_bed":1,"minecraft:stone_axe":1},"minecraft:picked_up":{"minecraft:crafting_table":2,"minecraft:stick":2,"minecraft:raw_iron":2,"minecraft:leather":6,"minecraft:oak_log":8,"minecraft:spruce_sapling":5,"minecraft:diorite":1,"minecraft:white_bed":1,"minecraft:spruce_log":9,"minecraft:dirt":11,"minecraft:bone":2,"minecraft:arrow":2,"minecraft:rotten_flesh":3,"minecraft:wheat_seeds":2,"minecraft:beef":2,"minecraft:iron_nugget":16,"minecraft:chest":1,"minecraft:sugar_cane":5,"minecraft:mutton":8,"minecraft:coal":18,"minecraft:white_wool":5,"minecraft:cobblestone":22},"minecraft:killed":{"minecraft:sheep":5,"minecraft:horse":5,"minecraft:zombie":1,"minecraft:spider":1,"minecraft:cow":1},"minecraft:used":{"minecraft:stone_pickaxe":41,"minecraft:oak_planks":1,"minecraft:wooden_pickaxe":3,"minecraft:rotten_flesh":2,"minecraft:wooden_sword":51,"minecraft:stone_axe":35,"minecraft:dirt":6,"minecraft:mutton":2,"minecraft:crafting_table":2,"minecraft:white_bed":1,"minecraft:spruce_log":1,"minecraft:golden_axe":7},"minecraft:killed_by":{"minecraft:creeper":1,"minecraft:spider":1,"minecraft:zombie":1}},"DataVersion":3465}