{"stats":{"minecraft:killed":{"minecraft:cave_spider":3,"minecraft:spider":2,"minecraft:skeleton":13,"minecraft:chicken":1,"minecraft:drowned":1,"minecraft:salmon":1,"minecraft:creeper":1,"minecraft:sheep":8,"minecraft:zombie":32,"minecraft:stray":1,"minecraft:cow":7},"minecraft:killed_by":{"minecraft:drowned":1,"minecraft:zombie":1},"minecraft:crafted":{"minecraft:oak_planks":104,"minecraft:tripwire_hook":2,"minecraft:furnace":1,"minecraft:bone_meal":21,"minecraft:lever":1,"minecraft:oak_trapdoor":6,"minecraft:hopper":4,"minecraft:glass":47,"minecraft:iron_boots":1,"minecraft:iron_axe":1,"minecraft:iron_hoe":1,"minecraft:stone_pickaxe":2,"minecraft:chest":7,"minecraft:oak_button":1,"sophisticatedbackpacks:iron_backpack":1,"minecraft:wheat":306,"minecraft:cooked_beef":11,"minecraft:diamond_sword":1,"sophisticatedbackpacks:backpack":1,"minecraft:crafting_table":3,"minecraft:wooden_pickaxe":1,"sophisticatedbackpacks:gold_backpack":1,"minecraft:bucket":1,"minecraft:stone_axe":2,"minecraft:bread":102,"minecraft:air":0,"aether:iron_gloves":1,"minecraft:oak_boat":1,"minecraft:iron_chestplate":1,"minecraft:shield":1,"sophisticatedbackpacks:diamond_backpack":1,"minecraft:stick":28,"minecraft:iron_ingot":50,"minecraft:iron_pickaxe":2,"minecraft:iron_shovel":2,"minecraft:iron_leggings":1,"minecraft:gold_ingot":34,"minecraft:white_bed":1,"minecraft:shears":1},"minecraft:picked_up":{"minecraft:crafting_table":10,"minecraft:wheat":1,"minecraft:clay_ball":3,"minecraft:chest_minecart":5,"minecraft:yellow_wool":6,"minecraft:brown_mushroom":4,"minecraft:potion":1,"minecraft:gold_block":2,"minecraft:enchanted_book":5,"minecraft:brewing_stand":1,"minecraft:shield":2,"minecraft:brick":15,"minecraft:music_disc_cat":2,"minecraft:string":256,"minecraft:oak_trapdoor":7,"minecraft:compass":1,"minecraft:iron_leggings":2,"minecraft:armor_stand":4,"minecraft:activator_rail":2,"minecraft:cracked_stone_bricks":1,"minecraft:cobbled_deepslate":47,"minecraft:smooth_stone":9,"minecraft:detector_rail":4,"minecraft:beef":17,"minecraft:iron_nugget":18,"minecraft:poppy":1,"minecraft:spruce_slab":3,"minecraft:chest":19,"minecraft:phantom_membrane":4,"minecraft:iron_boots":1,"minecraft:furnace":4,"minecraft:stick":4,"minecraft:raw_iron":49,"minecraft:sandstone":10,"minecraft:composter":1,"minecraft:oak_fence":33,"minecraft:torch":53,"minecraft:bowl":4,"minecraft:diorite":1,"minecraft:pointed_dripstone":5,"minecraft:carrot":10,"minecraft:redstone":14,"minecraft:iron_horse_armor":1,"minecraft:cauldron":4,"minecraft:rotten_flesh":52,"minecraft:arrow":33,"minecraft:beetroot_seeds":4,"minecraft:hay_block":51,"minecraft:gold_ingot":16,"sophisticatedbackpacks:copper_backpack":1,"minecraft:leather_horse_armor":1,"minecraft:iron_bars":9,"minecraft:mutton":8,"minecraft:cobblestone":242,"minecraft:rail":159,"minecraft:white_wool":16,"minecraft:magma_block":2,"minecraft:air":0,"minecraft:feather":1,"minecraft:cooked_beef":12,"minecraft:glow_ink_sac":2,"minecraft:tripwire_hook":9,"minecraft:andesite":2,"minecraft:leather":7,"minecraft:red_mushroom":1,"minecraft:potato":5,"minecraft:tuff":12,"minecraft:oak_log":36,"minecraft:yellow_bed":7,"minecraft:gunpowder":1,"minecraft:lapis_lazuli":16,"minecraft:dirt":374,"minecraft:paper":9,"minecraft:bone":19,"minecraft:apple":20,"minecraft:stonecutter":1,"minecraft:wheat_seeds":10,"minecraft:wild_armor_trim_smithing_template":2,"minecraft:raw_gold":29,"minecraft:rabbit_hide":3,"minecraft:bell":1,"minecraft:iron_ingot":21,"minecraft:grindstone":1,"minecraft:cobweb":6,"minecraft:glass_bottle":3,"minecraft:stripped_oak_wood":1,"minecraft:bamboo":2,"minecraft:soul_sand":5,"minecraft:iron_sword":1,"minecraft:oak_planks":30,"minecraft:book":3,"minecraft:oak_slab":12,"minecraft:dark_oak_slab":1,"minecraft:music_disc_13":1,"minecraft:mossy_cobblestone":33,"minecraft:fermented_spider_eye":1,"minecraft:dandelion":1,"minecraft:oak_pressure_plate":1,"minecraft:gravel":3,"minecraft:sand":53,"minecraft:amethyst_shard":4,"minecraft:ink_sac":3,"minecraft:blast_furnace":2,"minecraft:spruce_sapling":5,"minecraft:white_bed":6,"minecraft:spider_eye":4,"minecraft:leather_helmet":1,"minecraft:diamond_shovel":1,"minecraft:pumpkin_seeds":4,"minecraft:diamond":17,"minecraft:stone_axe":1,"minecraft:lever":5,"minecraft:iron_helmet":6,"minecraft:golden_horse_armor":1,"minecraft:granite":20,"minecraft:grass":1,"minecraft:golden_apple":1,"minecraft:bread":5,"minecraft:oak_button":3,"minecraft:oak_sapling":8,"minecraft:melon_seeds":6,"minecraft:coal":22,"minecraft:oak_leaves":9,"minecraft:hopper":5,"minecraft:ender_pearl":3,"minecraft:sunflower":5},"minecraft:dropped":{"minecraft:iron_ingot":9,"minecraft:iron_helmet":1,"minecraft:activator_rail":4,"minecraft:gravel":13,"minecraft:stone_axe":1,"minecraft:raw_iron":4,"minecraft:pumpkin_seeds":22,"minecraft:filled_map":1,"minecraft:poppy":1,"minecraft:potato":2,"minecraft:oak_button":1,"minecraft:andesite":2,"minecraft:beetroot_seeds":4,"minecraft:melon_seeds":4,"minecraft:oak_sapling":2,"minecraft:spider_eye":1,"minecraft:wooden_pickaxe":1,"minecraft:stone_pickaxe":2},"minecraft:custom":{"minecraft:mob_kills":73,"minecraft:inspect_hopper":2,"minecraft:interact_with_crafting_table":51,"minecraft:open_barrel":3,"minecraft:bell_ring":8,"minecraft:damage_dealt_resisted":381,"minecraft:eat_cake_slice":5,"minecraft:leave_game":5,"minecraft:time_since_death":14399,"minecraft:climb_one_cm":967,"minecraft:sprint_one_cm":585316,"minecraft:walk_one_cm":390664,"minecraft:damage_blocked_by_shield":2430,"minecraft:drop":36,"minecraft:damage_dealt_absorbed":78,"minecraft:talked_to_villager":2,"minecraft:play_time":285763,"minecraft:sneak_time":8676,"minecraft:deaths":3,"minecraft:walk_under_water_one_cm":39973,"minecraft:boat_one_cm":2700,"minecraft:jump":3760,"minecraft:interact_with_blast_furnace":4,"minecraft:walk_on_water_one_cm":159286,"minecraft:total_world_time":285763,"minecraft:interact_with_furnace":37,"minecraft:sleep_in_bed":9,"minecraft:time_since_rest":14461,"minecraft:waystone_activated":1,"minecraft:damage_taken":3503,"minecraft:damage_dealt":11725,"minecraft:swim_one_cm":231263,"minecraft:fly_one_cm":646370,"minecraft:open_chest":90,"minecraft:crouch_one_cm":16595,"minecraft:fall_one_cm":105718},"minecraft:used":{"minecraft:oak_trapdoor":12,"minecraft:oak_fence":5,"minecraft:iron_shovel":346,"minecraft:redstone":4,"minecraft:chest":5,"minecraft:shield":88,"minecraft:bell":1,"minecraft:iron_chestplate":1,"minecraft:torch":71,"minecraft:dirt":79,"minecraft:hopper":6,"minecraft:tuff":9,"minecraft:iron_hoe":56,"minecraft:glass":47,"minecraft:iron_axe":170,"minecraft:iron_boots":1,"minecraft:tripwire_hook":12,"minecraft:magma_block":2,"minecraft:furnace":5,"minecraft:cooked_beef":11,"minecraft:cobbled_deepslate":36,"minecraft:iron_leggings":1,"minecraft:water_bucket":93,"minecraft:stone_pickaxe":53,"minecraft:oak_planks":11,"minecraft:wooden_pickaxe":3,"minecraft:cracked_stone_bricks":1,"minecraft:crafting_table":14,"minecraft:blast_furnace":1,"minecraft:white_bed":6,"minecraft:shears":91,"minecraft:oak_log":1,"minecraft:lever":5,"minecraft:bread":47,"minecraft:string":229,"minecraft:oak_button":3,"minecraft:iron_pickaxe":635,"minecraft:oak_pressure_plate":1,"minecraft:spruce_sapling":4,"minecraft:gravel":4,"minecraft:stone_axe":63,"minecraft:diamond_sword":163,"minecraft:cobblestone":182,"minecraft:grindstone":1,"minecraft:bucket":93,"minecraft:yellow_bed":7,"minecraft:oak_boat":1,"minecraft:bone_meal":8},"minecraft:mined":{"minecraft:tuff":12,"minecraft:white_bed":6,"minecraft:deepslate_diamond_ore":16,"minecraft:brewing_stand":1,"minecraft:lever":3,"minecraft:granite":20,"minecraft:grass_block":87,"minecraft:redstone_wire":4,"minecraft:composter":1,"minecraft:hopper":6,"minecraft:sandstone":10,"minecraft:spawner":8,"minecraft:hay_block":52,"minecraft:smooth_stone":9,"minecraft:magma_block":2,"minecraft:oak_trapdoor":7,"minecraft:furnace":4,"minecraft:iron_ore":24,"minecraft:cobbled_deepslate":1,"minecraft:andesite":4,"minecraft:deepslate_lapis_ore":1,"minecraft:gold_block":2,"minecraft:deepslate_iron_ore":26,"minecraft:water_cauldron":4,"minecraft:dirt_path":39,"minecraft:rail":168,"minecraft:iron_bars":9,"minecraft:stone":165,"minecraft:white_tulip":1,"minecraft:white_wool":6,"minecraft:spruce_slab":4,"minecraft:tripwire":100,"minecraft:deepslate_redstone_ore":2,"minecraft:oak_slab":12,"minecraft:soul_sand":5,"minecraft:amethyst_cluster":1,"minecraft:oak_fence":36,"minecraft:crafting_table":11,"minecraft:blast_furnace":2,"minecraft:chest":18,"minecraft:tall_grass":10,"minecraft:cobblestone":95,"minecraft:lapis_ore":2,"minecraft:deepslate_gold_ore":29,"minecraft:grindstone":1,"minecraft:oak_planks":36,"minecraft:diorite":1,"minecraft:wall_torch":1,"minecraft:dark_oak_slab":1,"minecraft:yellow_wool":6,"minecraft:stripped_oak_wood":2,"minecraft:yellow_bed":7,"minecraft:grass":42,"minecraft:oak_log":38,"minecraft:coal_ore":12,"minecraft:gravel":6,"minecraft:sand":51,"minecraft:dirt":223,"minecraft:cobweb":3,"minecraft:stone_bricks":1,"minecraft:cracked_stone_bricks":1,"minecraft:tripwire_hook":7,"minecraft:oak_button":1,"minecraft:stonecutter":1,"minecraft:gold_ore":2,"minecraft:oak_leaves":19,"minecraft:deepslate":34},"minecraft:broken":{"minecraft:iron_shovel":1,"minecraft:iron_pickaxe":2}},"DataVersion":3465}