{"stats":{"minecraft:killed":{"minecraft:spider":3,"minecraft:skeleton":1,"minecraft:zombie":3},"minecraft:mined":{"minecraft:deepslate_diamond_ore":3,"minecraft:powder_snow":91,"minecraft:crafting_table":4,"minecraft:granite":7,"minecraft:emerald_ore":1,"minecraft:grass_block":1,"minecraft:chest":2,"minecraft:deepslate_gold_ore":1,"minecraft:spruce_leaves":13,"minecraft:lapis_ore":4,"minecraft:sculk":4,"minecraft:diorite":1,"minecraft:spawner":4,"minecraft:furnace":2,"minecraft:iron_ore":30,"minecraft:cobbled_deepslate":3,"minecraft:spruce_log":6,"minecraft:yellow_stained_glass_pane":2,"minecraft:coal_ore":5,"minecraft:iron_bars":3,"minecraft:dirt":15,"minecraft:stone_bricks":3,"minecraft:stone":38,"minecraft:gold_ore":9,"minecraft:deepslate":18},"minecraft:picked_up":{"minecraft:crafting_table":4,"minecraft:wheat":3,"paraglider:spirit_orb":8,"minecraft:diamond_horse_armor":1,"minecraft:lapis_lazuli":25,"minecraft:string":6,"minecraft:dirt":16,"minecraft:bone":26,"minecraft:stone_bricks":3,"minecraft:cobbled_deepslate":21,"minecraft:raw_gold":10,"minecraft:chest":2,"minecraft:furnace":2,"minecraft:raw_iron":31,"minecraft:torch":2,"minecraft:spruce_sapling":1,"minecraft:diorite":1,"minecraft:spruce_log":6,"minecraft:spider_eye":2,"minecraft:iron_horse_armor":1,"minecraft:stone_sword":1,"minecraft:pumpkin_seeds":4,"minecraft:arrow":2,"minecraft:rotten_flesh":10,"minecraft:diamond":3,"minecraft:granite":7,"minecraft:golden_apple":1,"minecraft:emerald":1,"minecraft:golden_horse_armor":1,"minecraft:iron_bars":3,"minecraft:coal":9,"minecraft:cobblestone":37},"minecraft:broken":{"minecraft:stone_sword":1},"minecraft:killed_by":{"minecraft:spider":1},"minecraft:dropped":{"minecraft:shield":1},"minecraft:custom":{"minecraft:interact_with_furnace":6,"minecraft:mob_kills":7,"minecraft:interact_with_crafting_table":10,"minecraft:leave_game":3,"minecraft:time_since_death":30806,"minecraft:time_since_rest":30983,"minecraft:sprint_one_cm":123076,"minecraft:walk_one_cm":46105,"minecraft:damage_taken":1322,"minecraft:damage_absorbed":40,"minecraft:drop":1,"minecraft:damage_dealt":1138,"minecraft:swim_one_cm":11389,"minecraft:fly_one_cm":82322,"minecraft:open_chest":11,"minecraft:crouch_one_cm":1566,"minecraft:play_time":50676,"minecraft:deaths":2,"minecraft:sneak_time":1310,"minecraft:walk_under_water_one_cm":6347,"minecraft:jump":723,"minecraft:walk_on_water_one_cm":6364,"minecraft:total_world_time":50676,"minecraft:fall_one_cm":18631},"minecraft:crafted":{"minecraft:crafting_table":1,"minecraft:spruce_planks":24,"minecraft:iron_helmet":1,"minecraft:wooden_pickaxe":1,"minecraft:furnace":1,"minecraft:stone_axe":1,"minecraft:bread":1,"minecraft:air":0,"minecraft:iron_boots":1,"minecraft:iron_chestplate":1,"minecraft:iron_axe":1,"minecraft:stick":12,"minecraft:iron_ingot":30,"minecraft:iron_pickaxe":1,"minecraft:stone_pickaxe":1,"minecraft:iron_leggings":1},"minecraft:used":{"minecraft:cooked_mutton":3,"minecraft:diorite":1,"minecraft:iron_bars":2,"minecraft:stone_sword":8,"minecraft:stone_pickaxe":45,"minecraft:spruce_planks":11,"minecraft:wooden_pickaxe":3,"minecraft:rotten_flesh":5,"minecraft:torch":16,"minecraft:golden_apple":1,"minecraft:dirt":15,"minecraft:crafting_table":4,"minecraft:granite":7,"minecraft:iron_axe":7,"minecraft:bread":1,"minecraft:iron_pickaxe":90,"minecraft:stone_bricks":3,"minecraft:stone_axe":10,"minecraft:potion":1,"minecraft:cobblestone":23,"minecraft:furnace":2,"minecraft:cobbled_deepslate":21}},"DataVersion":3465}