{"stats":{"minecraft:crafted":{"minecraft:golden_carrot":5,"paraglider:paraglider":1,"minecraft:oak_planks":16,"minecraft:crafting_table":1,"minecraft:wooden_pickaxe":1,"sophisticatedbackpacks:gold_backpack":1,"minecraft:stone_axe":1,"minecraft:air":0,"minecraft:shield":1,"minecraft:stick":16,"minecraft:iron_ingot":10,"minecraft:iron_pickaxe":1,"minecraft:stone_pickaxe":1,"minecraft:wooden_axe":1,"minecraft:dark_oak_planks":24,"minecraft:torch":20,"sophisticatedbackpacks:iron_backpack":1},"minecraft:mined":{"minecraft:smithing_table":1,"minecraft:mossy_cobblestone":1,"minecraft:powder_snow":21,"minecraft:crafting_table":8,"minecraft:torch":1,"minecraft:grass_block":2,"minecraft:chest":2,"minecraft:cobblestone":8,"minecraft:spruce_leaves":1,"minecraft:grindstone":1,"minecraft:spawner":21,"minecraft:light_blue_terracotta":1,"minecraft:furnace":2,"minecraft:iron_ore":7,"minecraft:sweet_berry_bush":14,"minecraft:bee_nest":1,"minecraft:fletching_table":1,"minecraft:stone_brick_stairs":7,"minecraft:grass":1,"minecraft:mossy_stone_brick_stairs":4,"minecraft:oak_log":4,"minecraft:iron_bars":16,"minecraft:dirt":3,"minecraft:cracked_stone_bricks":1,"minecraft:stone_bricks":2,"minecraft:mossy_stone_bricks":2,"minecraft:oak_leaves":14,"paraglider:goddess_statue":1},"minecraft:broken":{"minecraft:stone_axe":1},"minecraft:picked_up":{"minecraft:charcoal":5,"minecraft:crafting_table":8,"minecraft:tripwire_hook":3,"minecraft:sentry_armor_trim_smithing_template":2,"minecraft:leather":6,"minecraft:smithing_table":1,"minecraft:potato":2,"paraglider:spirit_orb":42,"minecraft:stone_brick_stairs":9,"minecraft:oak_log":6,"minecraft:shield":1,"minecraft:dirt":5,"paraglider:goddess_statue":1,"minecraft:string":8,"minecraft:bone":12,"minecraft:apple":1,"minecraft:stone_bricks":2,"minecraft:cracked_stone_bricks":2,"minecraft:bell":1,"minecraft:grindstone":1,"minecraft:beef":13,"minecraft:fletching_table":1,"minecraft:mossy_stone_bricks":2,"minecraft:iron_pickaxe":1,"minecraft:chest":2,"minecraft:mossy_stone_brick_stairs":4,"minecraft:furnace":2,"minecraft:raw_iron":7,"minecraft:sweet_berries":26,"minecraft:torch":8,"sophisticatedbackpacks:backpack":1,"minecraft:carrot":5,"minecraft:mossy_cobblestone":1,"minecraft:goat_horn":1,"minecraft:dark_oak_log":5,"minecraft:spider_eye":4,"minecraft:golden_chestplate":1,"minecraft:arrow":14,"minecraft:rotten_flesh":9,"minecraft:light_gray_candle":1,"minecraft:iron_helmet":1,"minecraft:crossbow":1,"sophisticatedbackpacks:copper_backpack":1,"minecraft:oak_sapling":1,"minecraft:mutton":4,"minecraft:iron_bars":16,"minecraft:coal":1,"minecraft:white_wool":2,"minecraft:cobblestone":8},"minecraft:killed":{"minecraft:spider":7,"minecraft:sheep":2,"minecraft:skeleton":9,"minecraft:pillager":2,"minecraft:zombie":9,"minecraft:stray":1,"minecraft:drowned":1,"minecraft:cow":7},"minecraft:custom":{"minecraft:interact_with_furnace":4,"minecraft:mob_kills":38,"minecraft:interact_with_crafting_table":12,"minecraft:open_barrel":1,"minecraft:damage_dealt_resisted":393,"minecraft:eat_cake_slice":3,"minecraft:leave_game":2,"minecraft:time_since_death":53347,"minecraft:climb_one_cm":185,"minecraft:time_since_rest":53372,"minecraft:waystone_activated":1,"minecraft:sprint_one_cm":358400,"minecraft:damage_absorbed":40,"minecraft:damage_taken":2304,"minecraft:walk_one_cm":133709,"minecraft:damage_blocked_by_shield":1791,"minecraft:drop":1,"minecraft:damage_dealt":6722,"minecraft:talked_to_villager":1,"minecraft:damage_dealt_absorbed":120,"minecraft:swim_one_cm":52501,"minecraft:fly_one_cm":377169,"minecraft:open_chest":50,"minecraft:crouch_one_cm":1130,"minecraft:play_time":81526,"minecraft:deaths":2,"minecraft:sneak_time":371,"minecraft:walk_under_water_one_cm":1421,"minecraft:jump":1527,"minecraft:walk_on_water_one_cm":5875,"minecraft:total_world_time":81526,"minecraft:fall_one_cm":34209},"minecraft:killed_by":{"minecraft:zombie":1,"minecraft:pillager":1},"minecraft:dropped":{"sophisticatedbackpacks:backpack":1},"minecraft:used":{"minecraft:oak_trapdoor":2,"minecraft:iron_bars":7,"minecraft:stone_pickaxe":40,"minecraft:baked_potato":6,"minecraft:ladder":7,"minecraft:wooden_pickaxe":8,"minecraft:shield":64,"minecraft:iron_sword":33,"minecraft:bell":1,"minecraft:iron_chestplate":1,"minecraft:torch":56,"minecraft:golden_apple":1,"minecraft:dirt":5,"minecraft:crafting_table":8,"minecraft:red_bed":9,"minecraft:chainmail_chestplate":1,"minecraft:crossbow":7,"minecraft:glass":90,"minecraft:dark_oak_planks":16,"minecraft:wooden_axe":20,"minecraft:bread":3,"minecraft:iron_pickaxe":35,"minecraft:iron_helmet":1,"minecraft:iron_boots":1,"minecraft:golden_leggings":1,"minecraft:stone_axe":70,"minecraft:golden_carrot":4,"minecraft:cobblestone":2,"minecraft:potion":2,"minecraft:sweet_berries":16,"minecraft:goat_horn":2,"minecraft:furnace":1,"minecraft:cooked_porkchop":3,"minecraft:pumpkin_pie":7,"minecraft:cooked_beef":3}},"DataVersion":3465}