{"stats":{"minecraft:killed":{"minecraft:cave_spider":2,"minecraft:salmon":1,"minecraft:spider":1,"minecraft:creeper":1,"minecraft:skeleton":7,"minecraft:zombie":6,"minecraft:cow":7},"minecraft:mined":{"minecraft:deepslate_redstone_ore":2,"minecraft:tuff":9,"minecraft:deepslate_diamond_ore":2,"minecraft:amethyst_cluster":1,"minecraft:oak_fence":2,"minecraft:crafting_table":8,"minecraft:cobblestone":10,"minecraft:lapis_ore":2,"minecraft:deepslate_gold_ore":22,"minecraft:oak_planks":13,"minecraft:spawner":1,"minecraft:furnace":4,"minecraft:iron_ore":3,"minecraft:cobbled_deepslate":1,"minecraft:oak_log":5,"minecraft:coal_ore":6,"minecraft:deepslate_iron_ore":26,"minecraft:rail":168,"minecraft:gravel":4,"minecraft:cobweb":3,"minecraft:stone":39,"minecraft:white_tulip":1,"minecraft:deepslate":17},"minecraft:picked_up":{"minecraft:crafting_table":7,"minecraft:air":0,"minecraft:glow_ink_sac":2,"minecraft:chest_minecart":5,"minecraft:leather":7,"minecraft:enchanted_book":2,"minecraft:tuff":9,"minecraft:oak_log":5,"minecraft:gunpowder":1,"minecraft:lapis_lazuli":13,"minecraft:string":6,"minecraft:bone":6,"minecraft:activator_rail":2,"minecraft:cobbled_deepslate":31,"minecraft:detector_rail":4,"minecraft:raw_gold":20,"minecraft:beef":17,"minecraft:oak_planks":9,"minecraft:furnace":4,"minecraft:raw_iron":29,"minecraft:oak_fence":2,"minecraft:torch":22,"minecraft:gravel":2,"minecraft:amethyst_shard":4,"minecraft:redstone":10,"minecraft:pumpkin_seeds":4,"minecraft:arrow":10,"minecraft:rotten_flesh":5,"minecraft:diamond":3,"minecraft:beetroot_seeds":4,"minecraft:gold_ingot":3,"minecraft:melon_seeds":2,"minecraft:coal":8,"minecraft:rail":158,"minecraft:cobblestone":47},"minecraft:used":{"minecraft:stone_pickaxe":53,"minecraft:wooden_pickaxe":3,"minecraft:shield":40,"minecraft:iron_chestplate":1,"minecraft:torch":14,"minecraft:crafting_table":8,"minecraft:tuff":5,"minecraft:iron_axe":3,"minecraft:bread":2,"minecraft:iron_pickaxe":260,"minecraft:iron_boots":1,"minecraft:stone_axe":63,"minecraft:diamond_sword":16,"minecraft:cobblestone":26,"minecraft:furnace":4,"minecraft:cooked_beef":11,"minecraft:cobbled_deepslate":19,"minecraft:iron_leggings":1},"minecraft:dropped":{"minecraft:gravel":13,"minecraft:stone_axe":1,"minecraft:stone_pickaxe":2,"minecraft:wooden_pickaxe":1},"minecraft:crafted":{"minecraft:cooked_beef":11,"minecraft:oak_planks":20,"minecraft:diamond_sword":1,"sophisticatedbackpacks:backpack":1,"minecraft:crafting_table":1,"minecraft:wooden_pickaxe":1,"minecraft:furnace":1,"minecraft:stone_axe":2,"minecraft:air":0,"aether:iron_gloves":1,"minecraft:iron_boots":1,"minecraft:iron_chestplate":1,"minecraft:shield":1,"minecraft:iron_axe":1,"minecraft:stick":20,"minecraft:iron_ingot":29,"minecraft:iron_pickaxe":2,"minecraft:stone_pickaxe":2,"minecraft:chest":1,"minecraft:iron_leggings":1},"minecraft:broken":{"minecraft:iron_pickaxe":1},"minecraft:custom":{"minecraft:interact_with_furnace":23,"minecraft:mob_kills":25,"minecraft:interact_with_crafting_table":23,"minecraft:time_since_death":47796,"minecraft:time_since_rest":47796,"minecraft:sprint_one_cm":175230,"minecraft:damage_taken":1050,"minecraft:walk_one_cm":98315,"minecraft:damage_blocked_by_shield":940,"minecraft:drop":17,"minecraft:damage_dealt":3875,"minecraft:swim_one_cm":10849,"minecraft:fly_one_cm":68396,"minecraft:crouch_one_cm":1846,"minecraft:play_time":47796,"minecraft:sneak_time":1547,"minecraft:walk_under_water_one_cm":3845,"minecraft:jump":546,"minecraft:walk_on_water_one_cm":21375,"minecraft:total_world_time":47796,"minecraft:fall_one_cm":16550}},"DataVersion":3465}