{"stats":{"minecraft:dropped":{"minecraft:furnace":1,"minecraft:sugar_cane":5,"minecraft:wheat_seeds":2,"minecraft:golden_helmet":1,"minecraft:iron_nugget":8,"minecraft:cooked_beef":6,"minecraft:golden_horse_armor":1,"minecraft:crafting_table":1,"minecraft:obsidian":1,"minecraft:raw_iron":1,"minecraft:golden_axe":1,"minecraft:rotten_flesh":1,"minecraft:oak_planks":3,"minecraft:leather":9,"minecraft:white_bed":1,"minecraft:flint_and_steel":1,"minecraft:stick":7,"minecraft:dirt":4,"minecraft:shield":1,"minecraft:mutton":5,"minecraft:chest":1,"minecraft:wooden_sword":1,"minecraft:arrow":3,"minecraft:beef":2,"minecraft:stone_pickaxe":1,"minecraft:wooden_pickaxe":1,"minecraft:white_wool":2,"minecraft:bone":3},"minecraft:custom":{"minecraft:mob_kills":19,"minecraft:interact_with_crafting_table":12,"minecraft:leave_game":5,"minecraft:time_since_death":20293,"minecraft:sleep_in_bed":2,"minecraft:time_since_rest":11536,"minecraft:sprint_one_cm":96007,"minecraft:damage_taken":1080,"minecraft:walk_one_cm":45482,"minecraft:drop":74,"minecraft:damage_dealt":2870,"minecraft:swim_one_cm":21212,"minecraft:fly_one_cm":239921,"minecraft:open_chest":1,"minecraft:crouch_one_cm":14,"minecraft:play_time":36740,"minecraft:deaths":3,"minecraft:sneak_time":71,"minecraft:walk_under_water_one_cm":1595,"minecraft:jump":996,"minecraft:walk_on_water_one_cm":4130,"minecraft:total_world_time":36740,"minecraft:fall_one_cm":29864},"minecraft:mined":{"minecraft:white_bed":2,"minecraft:crafting_table":3,"minecraft:grass_block":3,"minecraft:chest":1,"minecraft:tall_grass":9,"minecraft:spruce_leaves":17,"minecraft:sugar_cane":3,"minecraft:diorite":1,"minecraft:iron_ore":3,"minecraft:fire":6,"minecraft:spruce_log":9,"minecraft:grass":16,"minecraft:oak_log":14,"minecraft:coal_ore":18,"minecraft:dirt":4,"minecraft:stone":34,"minecraft:oak_leaves":6},"minecraft:crafted":{"minecraft:wooden_sword":1,"minecraft:oak_planks":48,"minecraft:crafting_table":2,"minecraft:wooden_pickaxe":2,"minecraft:furnace":1,"minecraft:stone_axe":1,"minecraft:shield":1,"minecraft:stick":20,"minecraft:iron_ingot":1,"minecraft:stone_pickaxe":2,"minecraft:white_bed":1},"minecraft:picked_up":{"minecraft:crafting_table":3,"minecraft:cooked_beef":8,"minecraft:leather":9,"minecraft:oak_log":14,"minecraft:dirt":18,"minecraft:bone":3,"minecraft:wheat_seeds":2,"minecraft:beef":2,"minecraft:iron_nugget":16,"minecraft:sugar_cane":5,"minecraft:chest":1,"minecraft:furnace":1,"minecraft:stick":2,"minecraft:raw_iron":3,"minecraft:cooked_porkchop":1,"minecraft:spruce_sapling":5,"minecraft:diorite":1,"minecraft:white_bed":2,"minecraft:spruce_log":9,"minecraft:rotten_flesh":3,"minecraft:arrow":3,"minecraft:coal":18,"minecraft:mutton":8,"minecraft:white_wool":5,"minecraft:cobblestone":33},"minecraft:killed":{"minecraft:pig":1,"minecraft:spider":1,"minecraft:sheep":5,"minecraft:horse":5,"minecraft:zombie":1,"minecraft:cow":5},"minecraft:used":{"minecraft:flint_and_steel":17,"minecraft:stone_pickaxe":50,"minecraft:oak_planks":1,"minecraft:wooden_pickaxe":6,"minecraft:rotten_flesh":2,"minecraft:dirt":14,"minecraft:mutton":3,"minecraft:crafting_table":3,"minecraft:white_bed":2,"minecraft:spruce_log":1,"minecraft:spruce_wood":2,"minecraft:grass_block":11,"minecraft:stone_axe":35,"minecraft:wooden_sword":51,"minecraft:cooked_porkchop":1,"minecraft:cooked_beef":2,"minecraft:stripped_spruce_wood":1,"minecraft:golden_axe":24},"minecraft:killed_by":{"minecraft:creeper":1,"minecraft:spider":1,"minecraft:zombie":1}},"DataVersion":3465}