{"stats":{"minecraft:killed":{"minecraft:spider":7,"minecraft:sheep":1,"minecraft:skeleton":3,"minecraft:zombie":9,"minecraft:stray":1,"minecraft:cow":2},"minecraft:mined":{"minecraft:stone_pressure_plate":1,"minecraft:deepslate_diamond_ore":3,"minecraft:powder_snow":264,"minecraft:crafting_table":4,"minecraft:torch":1,"minecraft:granite":7,"minecraft:emerald_ore":1,"minecraft:grass_block":5,"minecraft:chest":2,"minecraft:tall_grass":4,"minecraft:cobblestone":4,"minecraft:deepslate_gold_ore":1,"minecraft:spruce_leaves":26,"minecraft:lapis_ore":4,"minecraft:sculk":4,"minecraft:diorite":1,"minecraft:wall_torch":2,"minecraft:spawner":12,"minecraft:light_blue_terracotta":1,"minecraft:lime_bed":2,"minecraft:furnace":2,"minecraft:iron_ore":30,"minecraft:cobbled_deepslate":3,"minecraft:spruce_log":15,"minecraft:birch_leaves":2,"minecraft:stone_brick_stairs":2,"minecraft:grass":1,"minecraft:yellow_stained_glass_pane":4,"minecraft:coal_ore":5,"minecraft:iron_bars":12,"minecraft:pink_stained_glass_pane":5,"minecraft:gravel":1,"minecraft:dirt":43,"minecraft:stone_bricks":8,"minecraft:stone":83,"minecraft:mossy_stone_bricks":1,"minecraft:gold_ore":9,"minecraft:oak_leaves":1,"minecraft:deepslate":18,"minecraft:fern":1},"minecraft:picked_up":{"minecraft:feather":3,"minecraft:lime_bed":2,"minecraft:crafting_table":4,"minecraft:wheat":3,"paraglider:spirit_orb":26,"minecraft:diamond_horse_armor":1,"minecraft:stone_brick_stairs":2,"minecraft:shield":2,"minecraft:lapis_lazuli":25,"minecraft:string":11,"minecraft:dirt":36,"minecraft:bone":30,"minecraft:stone_bricks":7,"minecraft:cracked_stone_bricks":1,"minecraft:wheat_seeds":1,"minecraft:cobbled_deepslate":21,"minecraft:raw_gold":10,"minecraft:beef":6,"minecraft:mossy_stone_bricks":1,"minecraft:glass_bottle":1,"minecraft:chest":2,"minecraft:birch_sapling":1,"minecraft:furnace":2,"minecraft:stick":2,"minecraft:raw_iron":31,"minecraft:torch":6,"minecraft:spruce_sapling":2,"minecraft:diorite":1,"minecraft:spruce_log":15,"minecraft:spider_eye":4,"minecraft:iron_horse_armor":1,"minecraft:stone_sword":1,"minecraft:pumpkin_seeds":4,"minecraft:arrow":6,"minecraft:rotten_flesh":11,"minecraft:diamond":3,"minecraft:granite":7,"minecraft:bread":1,"minecraft:golden_apple":1,"minecraft:emerald":1,"minecraft:golden_horse_armor":1,"minecraft:white_terracotta":1,"minecraft:mutton":2,"minecraft:iron_bars":18,"minecraft:coal":9,"minecraft:white_wool":1,"minecraft:cobblestone":79},"minecraft:broken":{"minecraft:stone_sword":1},"minecraft:killed_by":{"minecraft:spider":1,"minecraft:zombie":1},"minecraft:dropped":{"minecraft:bread":2,"minecraft:glass_bottle":1,"minecraft:shield":3,"minecraft:iron_bars":10},"minecraft:custom":{"minecraft:interact_with_furnace":9,"minecraft:mob_kills":23,"minecraft:interact_with_crafting_table":15,"minecraft:open_barrel":1,"minecraft:leave_game":3,"minecraft:time_since_death":18391,"minecraft:sleep_in_bed":2,"minecraft:climb_one_cm":436,"minecraft:waystone_activated":1,"minecraft:time_since_rest":9516,"minecraft:sprint_one_cm":348486,"minecraft:walk_one_cm":152201,"minecraft:damage_taken":2535,"minecraft:damage_absorbed":40,"minecraft:damage_blocked_by_shield":760,"minecraft:drop":8,"minecraft:damage_dealt":4059,"minecraft:swim_one_cm":25844,"minecraft:fly_one_cm":268950,"minecraft:open_chest":38,"minecraft:crouch_one_cm":3834,"minecraft:play_time":110676,"minecraft:deaths":3,"minecraft:sneak_time":2481,"minecraft:walk_under_water_one_cm":8253,"minecraft:jump":1858,"minecraft:interact_with_smoker":1,"minecraft:walk_on_water_one_cm":10298,"minecraft:total_world_time":110676,"minecraft:fall_one_cm":48187},"minecraft:crafted":{"minecraft:cooked_porkchop":0,"minecraft:crafting_table":1,"minecraft:spruce_planks":44,"minecraft:iron_helmet":1,"minecraft:wooden_pickaxe":1,"minecraft:furnace":1,"minecraft:bucket":1,"minecraft:stone_axe":1,"minecraft:bread":1,"minecraft:air":0,"minecraft:white_wool":3,"minecraft:iron_boots":1,"minecraft:iron_chestplate":1,"minecraft:iron_axe":1,"minecraft:stick":12,"minecraft:iron_ingot":30,"minecraft:iron_pickaxe":1,"minecraft:stone_pickaxe":1,"minecraft:white_bed":1,"minecraft:gold_ingot":10,"minecraft:iron_leggings":1},"minecraft:used":{"minecraft:cooked_mutton":4,"minecraft:water_bucket":2,"minecraft:mossy_stone_bricks":1,"minecraft:diorite":1,"minecraft:iron_bars":2,"minecraft:stone_sword":8,"minecraft:iron_shovel":10,"minecraft:stone_pickaxe":45,"minecraft:baked_potato":3,"minecraft:chest":2,"minecraft:shield":25,"minecraft:spruce_planks":28,"minecraft:wooden_pickaxe":3,"minecraft:rotten_flesh":5,"minecraft:iron_chestplate":1,"minecraft:torch":42,"minecraft:golden_apple":1,"minecraft:dirt":35,"minecraft:mutton":2,"minecraft:lime_bed":2,"minecraft:crafting_table":5,"minecraft:white_bed":1,"minecraft:granite":7,"minecraft:iron_axe":78,"minecraft:bread":3,"minecraft:iron_pickaxe":183,"minecraft:stone_bricks":7,"minecraft:stone_axe":10,"minecraft:potion":2,"minecraft:cobblestone":103,"minecraft:beef":1,"minecraft:furnace":3,"minecraft:cooked_porkchop":2,"minecraft:cooked_rabbit":2,"minecraft:bucket":7,"minecraft:cooked_beef":4,"minecraft:cobbled_deepslate":21,"minecraft:powder_snow_bucket":4}},"DataVersion":3465}