{"stats":{"minecraft:killed":{"minecraft:spider":7,"minecraft:skeleton":3,"minecraft:pig":2,"bosses_of_mass_destruction:void_blossom":1,"minecraft:sheep":1,"minecraft:zombie":9,"minecraft:stray":1,"minecraft:cow":6},"minecraft:mined":{"minecraft:stone_pressure_plate":1,"minecraft:deepslate_diamond_ore":3,"minecraft:granite":7,"minecraft:grass_block":6,"minecraft:spruce_leaves":26,"minecraft:moss_block":3,"minecraft:spawner":12,"minecraft:furnace":2,"bosses_of_mass_destruction:void_blossom":16,"minecraft:iron_ore":30,"minecraft:cobbled_deepslate":3,"minecraft:fire":2,"minecraft:iron_bars":12,"minecraft:stone":83,"minecraft:flowering_azalea":1,"minecraft:powder_snow":265,"minecraft:crafting_table":4,"minecraft:torch":1,"minecraft:emerald_ore":1,"minecraft:poppy":1,"minecraft:chest":2,"minecraft:tall_grass":7,"minecraft:cobblestone":4,"minecraft:lapis_ore":4,"minecraft:deepslate_gold_ore":1,"minecraft:sculk":4,"minecraft:diorite":1,"bosses_of_mass_destruction:vine_wall":3,"minecraft:wall_torch":2,"minecraft:light_blue_terracotta":1,"minecraft:lime_bed":2,"minecraft:spruce_log":15,"minecraft:birch_leaves":2,"minecraft:stone_brick_stairs":2,"minecraft:yellow_stained_glass_pane":4,"minecraft:grass":6,"minecraft:coal_ore":5,"minecraft:pink_stained_glass_pane":5,"minecraft:gravel":1,"minecraft:dirt":43,"minecraft:stone_bricks":8,"minecraft:mossy_stone_bricks":1,"minecraft:gold_ore":9,"minecraft:oak_leaves":1,"minecraft:deepslate":18,"minecraft:fern":1},"minecraft:picked_up":{"minecraft:crafting_table":4,"minecraft:iron_chestplate":1,"minecraft:wheat":3,"minecraft:stone_brick_wall":6,"minecraft:diamond_horse_armor":1,"aether:phoenix_bow":1,"minecraft:stone_brick_stairs":2,"paraglider:heart_container":2,"minecraft:shield":2,"minecraft:string":11,"minecraft:iron_leggings":1,"minecraft:cracked_stone_bricks":1,"minecraft:cobbled_deepslate":21,"minecraft:gold_nugget":5,"minecraft:beef":11,"aether:flaming_sword":1,"minecraft:poppy":1,"minecraft:chest":2,"minecraft:birch_sapling":1,"minecraft:furnace":2,"minecraft:iron_boots":1,"minecraft:stick":2,"minecraft:raw_iron":31,"minecraft:torch":6,"bosses_of_mass_destruction:void_thorn":2,"minecraft:diorite":1,"minecraft:iron_horse_armor":1,"minecraft:stone_sword":1,"minecraft:arrow":6,"minecraft:rotten_flesh":11,"minecraft:white_terracotta":1,"minecraft:mutton":2,"minecraft:iron_bars":18,"minecraft:snowball":1,"minecraft:white_wool":1,"minecraft:cobblestone":79,"minecraft:lime_bed":2,"minecraft:feather":6,"minecraft:leather":3,"paraglider:spirit_orb":26,"minecraft:lapis_lazuli":25,"minecraft:dirt":37,"minecraft:bone":30,"minecraft:stone_bricks":7,"minecraft:wheat_seeds":2,"minecraft:raw_gold":10,"minecraft:mossy_stone_bricks":1,"minecraft:glass_bottle":1,"minecraft:moss_block":2,"minecraft:cooked_porkchop":3,"bosses_of_mass_destruction:crystal_fruit":3,"minecraft:spruce_sapling":2,"minecraft:spruce_log":15,"minecraft:spider_eye":4,"minecraft:pumpkin_seeds":4,"minecraft:diamond":3,"minecraft:granite":7,"minecraft:golden_apple":1,"minecraft:emerald":1,"minecraft:bread":1,"minecraft:golden_horse_armor":1,"minecraft:coal":9},"minecraft:broken":{"minecraft:stone_sword":1},"minecraft:killed_by":{"minecraft:spider":1,"minecraft:zombie":1},"minecraft:dropped":{"minecraft:water_bucket":1,"minecraft:bread":2,"minecraft:glass_bottle":1,"paraglider:stamina_vessel":28,"minecraft:netherite_helmet":1,"minecraft:netherite_chestplate":1,"minecraft:feather":3,"minecraft:saddle":1,"paraglider:heart_container":58,"minecraft:netherite_boots":1,"minecraft:iron_leggings":1,"minecraft:iron_shovel":1,"minecraft:bone":2,"minecraft:birch_sapling":1,"minecraft:rotten_flesh":1,"minecraft:iron_boots":1,"minecraft:enchanted_golden_apple":25,"aether:flaming_sword":1,"minecraft:netherite_leggings":1,"aether:phoenix_bow":2,"minecraft:shield":3,"minecraft:iron_bars":10,"minecraft:arrow":64},"minecraft:custom":{"minecraft:mob_kills":31,"minecraft:interact_with_crafting_table":16,"minecraft:open_barrel":1,"minecraft:leave_game":5,"minecraft:time_since_death":59920,"minecraft:climb_one_cm":436,"minecraft:damage_resisted":465,"minecraft:sprint_one_cm":425473,"minecraft:walk_one_cm":178087,"minecraft:damage_blocked_by_shield":760,"minecraft:drop":202,"minecraft:play_time":152205,"minecraft:deaths":3,"minecraft:sneak_time":4624,"minecraft:walk_under_water_one_cm":19782,"minecraft:jump":2319,"minecraft:walk_on_water_one_cm":23083,"minecraft:total_world_time":152205,"minecraft:interact_with_furnace":9,"minecraft:sleep_in_bed":2,"minecraft:time_since_rest":51045,"minecraft:waystone_activated":1,"minecraft:damage_taken":3187,"minecraft:damage_absorbed":673,"minecraft:damage_dealt":8572,"minecraft:swim_one_cm":29377,"minecraft:fly_one_cm":769977,"minecraft:open_chest":42,"minecraft:crouch_one_cm":3970,"minecraft:interact_with_smoker":1,"minecraft:fall_one_cm":63495},"minecraft:crafted":{"minecraft:furnace":1,"minecraft:flint_and_steel":1,"minecraft:iron_boots":1,"minecraft:iron_axe":1,"minecraft:stone_pickaxe":1,"paraglider:paraglider":1,"minecraft:red_dye":1,"minecraft:cooked_porkchop":0,"minecraft:crafting_table":2,"minecraft:spruce_planks":60,"minecraft:wooden_pickaxe":1,"minecraft:iron_helmet":1,"minecraft:bucket":1,"minecraft:stone_axe":1,"minecraft:bread":1,"minecraft:air":0,"minecraft:white_wool":3,"minecraft:iron_chestplate":1,"minecraft:stick":16,"minecraft:iron_ingot":30,"minecraft:iron_pickaxe":1,"minecraft:gold_ingot":10,"minecraft:iron_leggings":1,"minecraft:white_bed":1},"minecraft:used":{"minecraft:iron_bars":2,"minecraft:stone_sword":8,"minecraft:iron_shovel":10,"minecraft:flint_and_steel":4,"minecraft:chest":2,"minecraft:spruce_planks":38,"minecraft:shield":25,"minecraft:rotten_flesh":5,"minecraft:iron_chestplate":1,"minecraft:torch":42,"minecraft:dirt":36,"minecraft:mutton":2,"minecraft:granite":7,"minecraft:iron_axe":85,"minecraft:stone_bricks":7,"minecraft:netherite_boots":2,"minecraft:bow":2,"minecraft:beef":3,"minecraft:furnace":3,"minecraft:cooked_beef":4,"minecraft:cobbled_deepslate":21,"minecraft:enchanted_golden_apple":6,"minecraft:powder_snow_bucket":4,"minecraft:cooked_mutton":4,"minecraft:water_bucket":2,"minecraft:mossy_stone_bricks":1,"minecraft:diorite":1,"minecraft:baked_potato":3,"minecraft:stone_pickaxe":45,"minecraft:netherite_chestplate":2,"minecraft:wooden_pickaxe":3,"minecraft:white_wool":7,"minecraft:golden_apple":1,"minecraft:netherite_leggings":2,"minecraft:lime_bed":2,"minecraft:crafting_table":6,"minecraft:netherite_helmet":2,"minecraft:white_bed":1,"bosses_of_mass_destruction:soul_star":1,"minecraft:black_wool":1,"minecraft:bread":3,"aether:flaming_sword":54,"minecraft:iron_pickaxe":183,"minecraft:stone_axe":10,"minecraft:potion":2,"minecraft:cobblestone":103,"aether:phoenix_bow":56,"minecraft:cooked_porkchop":5,"minecraft:cooked_rabbit":2,"minecraft:bucket":7}},"DataVersion":3465}