{"stats":{"minecraft:killed":{"minecraft:spider":7,"minecraft:skeleton":2,"minecraft:zombie":5},"minecraft:mined":{"minecraft:stone_pressure_plate":1,"minecraft:deepslate_diamond_ore":3,"minecraft:powder_snow":91,"minecraft:crafting_table":4,"minecraft:granite":7,"minecraft:emerald_ore":1,"minecraft:grass_block":1,"minecraft:chest":2,"minecraft:deepslate_gold_ore":1,"minecraft:spruce_leaves":13,"minecraft:lapis_ore":4,"minecraft:sculk":4,"minecraft:diorite":1,"minecraft:wall_torch":2,"minecraft:spawner":10,"minecraft:light_blue_terracotta":1,"minecraft:lime_bed":1,"minecraft:furnace":2,"minecraft:iron_ore":30,"minecraft:cobbled_deepslate":3,"minecraft:spruce_log":6,"minecraft:stone_brick_stairs":2,"minecraft:yellow_stained_glass_pane":2,"minecraft:coal_ore":5,"minecraft:iron_bars":8,"minecraft:gravel":1,"minecraft:dirt":15,"minecraft:stone_bricks":6,"minecraft:stone":41,"minecraft:gold_ore":9,"minecraft:deepslate":18},"minecraft:picked_up":{"minecraft:lime_bed":1,"minecraft:crafting_table":4,"minecraft:wheat":3,"paraglider:spirit_orb":22,"minecraft:diamond_horse_armor":1,"minecraft:stone_brick_stairs":2,"minecraft:shield":2,"minecraft:lapis_lazuli":25,"minecraft:string":11,"minecraft:dirt":16,"minecraft:bone":26,"minecraft:stone_bricks":6,"minecraft:cracked_stone_bricks":1,"minecraft:cobbled_deepslate":21,"minecraft:raw_gold":10,"minecraft:chest":2,"minecraft:furnace":2,"minecraft:raw_iron":31,"minecraft:torch":5,"minecraft:spruce_sapling":1,"minecraft:diorite":1,"minecraft:spruce_log":6,"minecraft:spider_eye":4,"minecraft:iron_horse_armor":1,"minecraft:stone_sword":1,"minecraft:pumpkin_seeds":4,"minecraft:arrow":3,"minecraft:rotten_flesh":10,"minecraft:diamond":3,"minecraft:granite":7,"minecraft:golden_apple":1,"minecraft:emerald":1,"minecraft:golden_horse_armor":1,"minecraft:white_terracotta":1,"minecraft:iron_bars":14,"minecraft:coal":9,"minecraft:cobblestone":37},"minecraft:broken":{"minecraft:stone_sword":1},"minecraft:killed_by":{"minecraft:spider":1},"minecraft:dropped":{"minecraft:shield":3,"minecraft:iron_bars":10},"minecraft:custom":{"minecraft:interact_with_furnace":6,"minecraft:mob_kills":14,"minecraft:interact_with_crafting_table":10,"minecraft:leave_game":3,"minecraft:time_since_death":42806,"minecraft:time_since_rest":42983,"minecraft:sprint_one_cm":183921,"minecraft:walk_one_cm":72210,"minecraft:damage_taken":1663,"minecraft:damage_absorbed":40,"minecraft:damage_blocked_by_shield":355,"minecraft:drop":5,"minecraft:damage_dealt":2579,"minecraft:swim_one_cm":11389,"minecraft:fly_one_cm":92417,"minecraft:open_chest":23,"minecraft:crouch_one_cm":1723,"minecraft:play_time":62676,"minecraft:deaths":2,"minecraft:sneak_time":1377,"minecraft:walk_under_water_one_cm":6347,"minecraft:jump":792,"minecraft:walk_on_water_one_cm":6364,"minecraft:total_world_time":62676,"minecraft:fall_one_cm":21100},"minecraft:crafted":{"minecraft:crafting_table":1,"minecraft:spruce_planks":24,"minecraft:iron_helmet":1,"minecraft:wooden_pickaxe":1,"minecraft:furnace":1,"minecraft:stone_axe":1,"minecraft:bread":1,"minecraft:air":0,"minecraft:iron_boots":1,"minecraft:iron_chestplate":1,"minecraft:iron_axe":1,"minecraft:stick":12,"minecraft:iron_ingot":30,"minecraft:iron_pickaxe":1,"minecraft:stone_pickaxe":1,"minecraft:iron_leggings":1},"minecraft:used":{"minecraft:cooked_mutton":4,"minecraft:diorite":1,"minecraft:iron_bars":2,"minecraft:stone_sword":8,"minecraft:stone_pickaxe":45,"minecraft:baked_potato":3,"minecraft:shield":11,"minecraft:spruce_planks":11,"minecraft:wooden_pickaxe":3,"minecraft:rotten_flesh":5,"minecraft:iron_chestplate":1,"minecraft:torch":41,"minecraft:golden_apple":1,"minecraft:dirt":15,"minecraft:lime_bed":1,"minecraft:crafting_table":4,"minecraft:granite":7,"minecraft:iron_axe":28,"minecraft:bread":1,"minecraft:iron_pickaxe":114,"minecraft:stone_bricks":6,"minecraft:stone_axe":10,"minecraft:potion":1,"minecraft:cobblestone":23,"minecraft:furnace":2,"minecraft:cooked_rabbit":2,"minecraft:cobbled_deepslate":21}},"DataVersion":3465}