{"stats":{"minecraft:killed":{"minecraft:pig":6,"minecraft:zombie_villager":1,"minecraft:spider":1,"minecraft:creeper":2,"minecraft:skeleton":6,"minecraft:sheep":11,"minecraft:zombie":6,"minecraft:chicken":4,"minecraft:cow":1,"minecraft:enderman":1},"minecraft:picked_up":{"minecraft:crafting_table":5,"minecraft:feather":2,"minecraft:chicken":4,"minecraft:brown_wool":1,"minecraft:leather":2,"minecraft:tuff":24,"minecraft:oak_log":9,"minecraft:gunpowder":1,"minecraft:lapis_lazuli":34,"minecraft:dirt":24,"minecraft:raw_copper":5,"minecraft:bone":2,"minecraft:bow":1,"minecraft:cobbled_deepslate":247,"minecraft:raw_gold":1,"minecraft:beef":2,"minecraft:stone_pickaxe":1,"minecraft:furnace":4,"minecraft:stick":1,"minecraft:raw_iron":43,"minecraft:torch":1,"minecraft:gravel":4,"minecraft:porkchop":12,"minecraft:diorite":13,"minecraft:grass_block":1,"minecraft:redstone":15,"minecraft:arrow":3,"minecraft:rotten_flesh":5,"minecraft:diamond":9,"minecraft:stone_axe":1,"minecraft:granite":18,"minecraft:mutton":18,"minecraft:coal":112,"minecraft:white_wool":10,"minecraft:cobblestone":117,"minecraft:ender_pearl":1},"minecraft:mined":{"minecraft:deepslate_redstone_ore":3,"minecraft:tuff":26,"minecraft:deepslate_diamond_ore":9,"minecraft:crafting_table":5,"minecraft:torch":1,"minecraft:granite":17,"minecraft:grass_block":1,"minecraft:copper_ore":1,"minecraft:diorite":13,"minecraft:furnace":4,"minecraft:iron_ore":42,"minecraft:cobbled_deepslate":2,"minecraft:deepslate_lapis_ore":5,"minecraft:grass":2,"minecraft:coal_ore":45,"minecraft:oak_log":9,"minecraft:deepslate_iron_ore":1,"minecraft:gravel":4,"minecraft:dirt":4,"minecraft:stone":119,"minecraft:gold_ore":2,"minecraft:oak_leaves":1,"minecraft:deepslate":266},"minecraft:dropped":{"minecraft:stone_sword":1,"minecraft:cobbled_deepslate":47,"minecraft:raw_copper":5,"minecraft:crafting_table":1,"minecraft:tuff":8,"minecraft:feather":2,"minecraft:cobblestone":61,"minecraft:rotten_flesh":2,"minecraft:oak_planks":3,"minecraft:granite":4,"minecraft:dirt":11,"minecraft:gunpowder":1,"aether:iron_gloves":1,"minecraft:diorite":1,"minecraft:brown_wool":1,"minecraft:wooden_pickaxe":2,"minecraft:stone_pickaxe":2,"minecraft:bone":2},"minecraft:used":{"minecraft:cooked_mutton":1,"minecraft:diorite":4,"minecraft:stone_sword":57,"minecraft:stone_pickaxe":217,"minecraft:wooden_pickaxe":9,"minecraft:iron_sword":6,"minecraft:cooked_chicken":4,"minecraft:rotten_flesh":3,"minecraft:iron_chestplate":1,"minecraft:torch":2,"minecraft:dirt":13,"minecraft:crafting_table":5,"minecraft:tuff":16,"minecraft:grass_block":1,"minecraft:iron_pickaxe":334,"minecraft:iron_helmet":1,"minecraft:iron_boots":1,"minecraft:gravel":1,"minecraft:stone_axe":28,"minecraft:cobblestone":37,"minecraft:furnace":4,"minecraft:cooked_porkchop":7,"minecraft:cooked_beef":2,"minecraft:cobbled_deepslate":26},"minecraft:crafted":{"minecraft:cooked_beef":2,"minecraft:oak_planks":36,"aether:iron_ring":1,"minecraft:cooked_porkchop":7,"minecraft:crafting_table":2,"minecraft:iron_helmet":1,"minecraft:wooden_pickaxe":2,"minecraft:cooked_chicken":4,"minecraft:iron_sword":1,"minecraft:furnace":1,"minecraft:cooked_mutton":18,"minecraft:air":0,"aether:iron_gloves":2,"minecraft:iron_boots":1,"minecraft:iron_chestplate":1,"minecraft:shield":1,"minecraft:stick":16,"minecraft:iron_ingot":43,"minecraft:iron_pickaxe":2,"minecraft:stone_pickaxe":1,"minecraft:stone_sword":1,"minecraft:iron_leggings":1,"aether:white_cape":1,"minecraft:torch":8},"minecraft:broken":{"minecraft:iron_pickaxe":1},"minecraft:custom":{"minecraft:interact_with_furnace":42,"minecraft:mob_kills":39,"minecraft:interact_with_crafting_table":20,"minecraft:leave_game":1,"minecraft:time_since_death":12085,"minecraft:time_since_rest":12124,"minecraft:sprint_one_cm":97693,"minecraft:damage_taken":1405,"minecraft:walk_one_cm":85253,"minecraft:drop":21,"minecraft:damage_dealt":5301,"minecraft:swim_one_cm":1511,"minecraft:fly_one_cm":92394,"minecraft:crouch_one_cm":8379,"minecraft:play_time":46698,"minecraft:deaths":1,"minecraft:sneak_time":6861,"minecraft:walk_under_water_one_cm":646,"minecraft:jump":761,"minecraft:walk_on_water_one_cm":5322,"minecraft:total_world_time":46698,"minecraft:fall_one_cm":21909}},"DataVersion":3465}