{"stats":{"minecraft:killed":{"minecraft:pig":1,"minecraft:spider":1,"minecraft:skeleton":9,"minecraft:zombie":12,"minecraft:stray":4},"minecraft:mined":{"minecraft:stone_pressure_plate":1,"minecraft:quartz_block":10,"minecraft:powder_snow":26,"minecraft:crafting_table":2,"minecraft:spruce_leaves":1,"minecraft:wall_torch":1,"minecraft:spawner":19,"minecraft:smooth_stone":1,"minecraft:white_terracotta":1,"minecraft:light_blue_terracotta":2,"minecraft:spruce_log":10,"minecraft:stone_brick_stairs":2,"minecraft:mossy_stone_brick_stairs":1,"minecraft:coal_ore":46,"minecraft:pitcher_crop":1,"minecraft:iron_bars":4,"minecraft:dirt":11,"minecraft:cracked_stone_bricks":3,"minecraft:stone_bricks":6,"minecraft:stone":28},"minecraft:picked_up":{"minecraft:crafting_table":2,"minecraft:chainmail_boots":4,"minecraft:leather_leggings":1,"minecraft:wooden_pickaxe":1,"paraglider:spirit_orb":26,"minecraft:stone_brick_stairs":3,"minecraft:chainmail_chestplate":1,"minecraft:golden_boots":3,"minecraft:gunpowder":3,"minecraft:dirt":11,"minecraft:bone":23,"minecraft:stone_bricks":3,"minecraft:bow":1,"minecraft:cracked_stone_bricks":3,"minecraft:smooth_stone":2,"minecraft:pitcher_pod":1,"minecraft:tipped_arrow":2,"minecraft:torch":3,"minecraft:porkchop":3,"minecraft:spruce_sapling":1,"minecraft:spruce_log":10,"minecraft:leather_helmet":2,"minecraft:spider_eye":1,"minecraft:stone_pressure_plate":1,"minecraft:quartz_block":9,"minecraft:stone_sword":1,"minecraft:arrow":17,"minecraft:rotten_flesh":10,"minecraft:light_blue_terracotta":8,"minecraft:stone_axe":1,"minecraft:bread":1,"minecraft:white_terracotta":4,"minecraft:coal":46,"minecraft:iron_bars":7,"minecraft:cobblestone":25},"minecraft:dropped":{"minecraft:golden_boots":3,"minecraft:stone_axe":2,"minecraft:stone_sword":2,"minecraft:rotten_flesh":8,"minecraft:white_terracotta":4,"minecraft:chainmail_helmet":1,"minecraft:leather_helmet":2,"minecraft:chainmail_chestplate":1,"minecraft:gunpowder":5,"minecraft:chainmail_boots":4,"minecraft:leather_leggings":1,"minecraft:stone_pressure_plate":1,"minecraft:spider_eye":1,"minecraft:stone_bricks":2,"minecraft:iron_bars":7,"minecraft:stone_pickaxe":1,"minecraft:wooden_pickaxe":2,"minecraft:stone_brick_stairs":3},"minecraft:custom":{"minecraft:interact_with_furnace":1,"minecraft:mob_kills":32,"minecraft:interact_with_crafting_table":7,"minecraft:time_since_death":30868,"minecraft:time_since_rest":30895,"minecraft:sprint_one_cm":80872,"minecraft:damage_taken":1200,"minecraft:walk_one_cm":110492,"minecraft:damage_blocked_by_shield":788,"minecraft:drop":31,"minecraft:damage_dealt":5197,"minecraft:fly_one_cm":35627,"minecraft:open_chest":38,"minecraft:crouch_one_cm":2765,"minecraft:play_time":32014,"minecraft:deaths":1,"minecraft:sneak_time":6598,"minecraft:jump":421,"minecraft:walk_on_water_one_cm":2220,"minecraft:total_world_time":32014,"minecraft:interact_with_smoker":3,"minecraft:fall_one_cm":4008},"minecraft:crafted":{"minecraft:cooked_porkchop":1,"minecraft:crafting_table":2,"minecraft:spruce_planks":24,"minecraft:wooden_pickaxe":1,"minecraft:iron_sword":1,"minecraft:furnace":2,"minecraft:stone_axe":1,"minecraft:air":0,"minecraft:iron_chestplate":1,"minecraft:shield":1,"minecraft:stick":8,"minecraft:stone_pickaxe":1,"minecraft:stone_sword":1,"minecraft:iron_leggings":1,"minecraft:smoker":1},"minecraft:used":{"minecraft:stone_sword":61,"minecraft:baked_potato":1,"minecraft:stone_pickaxe":58,"minecraft:light_blue_terracotta":1,"minecraft:shield":23,"minecraft:wooden_pickaxe":25,"minecraft:iron_sword":64,"minecraft:chainmail_helmet":1,"minecraft:rotten_flesh":1,"minecraft:iron_chestplate":1,"minecraft:torch":4,"minecraft:dirt":11,"minecraft:pitcher_pod":1,"minecraft:crafting_table":4,"minecraft:smoker":1,"minecraft:apple":2,"minecraft:bread":2,"minecraft:iron_pickaxe":44,"minecraft:stone_axe":13,"minecraft:cobblestone":1,"minecraft:cooked_porkchop":1,"minecraft:cooked_beef":7,"minecraft:smooth_stone":2,"minecraft:iron_leggings":1}},"DataVersion":3465}