{"stats":{"minecraft:killed":{"minecraft:cave_spider":4,"minecraft:spider":3,"minecraft:skeleton":15,"minecraft:pig":1,"minecraft:zombie":30,"minecraft:stray":9,"minecraft:enderman":1},"minecraft:mined":{"minecraft:stone_pressure_plate":2,"minecraft:red_nether_bricks":1,"minecraft:nether_bricks":1,"minecraft:spruce_leaves":1,"minecraft:spawner":29,"minecraft:smooth_stone":1,"minecraft:iron_ore":1,"minecraft:andesite":2,"minecraft:nether_brick_stairs":3,"minecraft:mossy_stone_brick_stairs":1,"minecraft:iron_bars":8,"minecraft:stone":38,"minecraft:quartz_block":19,"minecraft:powder_snow":26,"minecraft:crafting_table":2,"minecraft:cobblestone":2,"minecraft:iron_door":1,"minecraft:wall_torch":2,"minecraft:white_terracotta":2,"minecraft:light_blue_terracotta":2,"minecraft:spruce_log":10,"minecraft:stone_brick_stairs":3,"minecraft:coal_ore":46,"minecraft:pitcher_crop":1,"minecraft:dirt":11,"minecraft:cracked_stone_bricks":3,"minecraft:stone_bricks":7,"minecraft:netherrack":1,"minecraft:mossy_stone_bricks":1},"minecraft:picked_up":{"minecraft:iron_chestplate":1,"minecraft:crafting_table":2,"minecraft:chainmail_boots":4,"minecraft:leather_leggings":1,"minecraft:wooden_pickaxe":1,"minecraft:diamond_horse_armor":1,"minecraft:stone_brick_stairs":5,"minecraft:shield":3,"minecraft:string":6,"minecraft:red_nether_bricks":1,"minecraft:cracked_stone_bricks":3,"minecraft:smooth_stone":2,"bosses_of_mass_destruction:soul_star":1,"minecraft:iron_boots":1,"minecraft:tipped_arrow":5,"minecraft:stick":3,"minecraft:raw_iron":2,"minecraft:torch":4,"minecraft:porkchop":3,"minecraft:stone_pressure_plate":2,"minecraft:quartz_block":13,"minecraft:stone_sword":1,"minecraft:arrow":29,"minecraft:rotten_flesh":44,"minecraft:nether_bricks":1,"minecraft:white_terracotta":5,"minecraft:iron_bars":11,"minecraft:cobblestone":37,"minecraft:iron_door":1,"minecraft:andesite":2,"minecraft:potato":1,"paraglider:spirit_orb":36,"minecraft:chainmail_chestplate":1,"minecraft:golden_boots":3,"minecraft:gunpowder":3,"minecraft:dirt":11,"minecraft:bone":35,"minecraft:stone_bricks":3,"minecraft:bow":1,"minecraft:iron_ingot":1,"minecraft:diamond_helmet":1,"minecraft:glass_bottle":4,"minecraft:pitcher_pod":1,"minecraft:book":4,"minecraft:spruce_sapling":1,"minecraft:nether_brick_stairs":2,"minecraft:spruce_log":10,"minecraft:spider_eye":3,"minecraft:leather_helmet":2,"minecraft:light_blue_terracotta":8,"minecraft:stone_axe":1,"minecraft:chainmail_leggings":2,"minecraft:bread":1,"minecraft:netherrack":1,"minecraft:coal":46},"minecraft:killed_by":{"minecraft:skeleton":2,"minecraft:zombie":1},"minecraft:dropped":{"minecraft:golden_boots":3,"minecraft:iron_helmet":2,"minecraft:chainmail_helmet":1,"minecraft:leather_helmet":2,"minecraft:chainmail_leggings":1,"minecraft:string":5,"minecraft:stone_axe":2,"minecraft:stone_sword":2,"minecraft:raw_iron":2,"minecraft:rotten_flesh":25,"aether:leather_gloves":1,"minecraft:iron_boots":1,"minecraft:white_terracotta":4,"minecraft:chainmail_chestplate":1,"minecraft:gunpowder":5,"aether:iron_gloves":1,"aether:chainmail_gloves":1,"minecraft:iron_chestplate":1,"minecraft:chainmail_boots":5,"minecraft:leather_leggings":1,"minecraft:stone_bricks":2,"minecraft:stone_pressure_plate":1,"minecraft:spider_eye":3,"minecraft:iron_bars":9,"minecraft:arrow":1,"minecraft:stone_pickaxe":2,"minecraft:wooden_pickaxe":2,"minecraft:light_blue_terracotta":7,"minecraft:stone_brick_stairs":4},"minecraft:custom":{"minecraft:mob_kills":68,"minecraft:interact_with_crafting_table":7,"minecraft:time_since_death":11027,"minecraft:climb_one_cm":1750,"minecraft:sprint_one_cm":226015,"minecraft:walk_one_cm":192935,"minecraft:damage_blocked_by_shield":913,"minecraft:drop":53,"minecraft:play_time":56014,"minecraft:deaths":4,"minecraft:sneak_time":7267,"minecraft:walk_under_water_one_cm":265,"minecraft:jump":935,"minecraft:walk_on_water_one_cm":4033,"minecraft:total_world_time":56014,"minecraft:interact_with_furnace":1,"minecraft:time_since_rest":11052,"minecraft:damage_taken":3201,"minecraft:damage_absorbed":80,"minecraft:damage_dealt":12532,"minecraft:swim_one_cm":661,"minecraft:fly_one_cm":114376,"minecraft:open_chest":80,"minecraft:crouch_one_cm":3489,"minecraft:interact_with_smoker":3,"minecraft:fall_one_cm":12682},"minecraft:crafted":{"minecraft:furnace":2,"minecraft:stone_pickaxe":1,"minecraft:smoker":1,"minecraft:cooked_porkchop":1,"minecraft:crafting_table":2,"minecraft:spruce_planks":24,"minecraft:wooden_pickaxe":1,"minecraft:iron_sword":1,"minecraft:stone_axe":1,"minecraft:air":0,"minecraft:iron_chestplate":1,"minecraft:shield":1,"minecraft:stick":8,"minecraft:stone_sword":1,"minecraft:iron_leggings":1},"minecraft:used":{"minecraft:stone_sword":61,"minecraft:light_blue_terracotta":1,"minecraft:shield":30,"minecraft:iron_sword":221,"minecraft:rotten_flesh":9,"minecraft:iron_chestplate":1,"minecraft:torch":32,"minecraft:dirt":11,"minecraft:carrot":8,"minecraft:diamond_helmet":1,"minecraft:quartz_block":11,"minecraft:iron_boots":1,"minecraft:stone_brick_stairs":1,"minecraft:cooked_beef":11,"minecraft:potato":1,"minecraft:iron_leggings":1,"minecraft:stone_pickaxe":81,"minecraft:baked_potato":4,"minecraft:red_nether_bricks":1,"minecraft:wooden_pickaxe":25,"minecraft:chainmail_helmet":1,"minecraft:golden_apple":2,"minecraft:pitcher_pod":1,"minecraft:crafting_table":4,"minecraft:smoker":1,"minecraft:diamond_pickaxe":1,"minecraft:apple":4,"minecraft:bread":2,"minecraft:iron_pickaxe":79,"minecraft:stone_axe":13,"minecraft:cobblestone":11,"minecraft:potion":1,"minecraft:chainmail_boots":1,"minecraft:cooked_porkchop":1,"minecraft:smooth_stone":2,"minecraft:chainmail_leggings":2}},"DataVersion":3465}