{"stats":{"minecraft:killed":{"minecraft:pig":6,"minecraft:zombie_villager":1,"minecraft:spider":1,"minecraft:creeper":2,"minecraft:skeleton":6,"minecraft:sheep":11,"minecraft:zombie":6,"minecraft:chicken":4,"minecraft:cow":1,"minecraft:enderman":1},"minecraft:broken":{"minecraft:iron_pickaxe":1},"minecraft:dropped":{"minecraft:stone_sword":1,"minecraft:feather":2,"minecraft:rotten_flesh":2,"minecraft:gunpowder":1,"minecraft:brown_wool":1,"minecraft:wooden_pickaxe":1,"minecraft:stone_pickaxe":1,"minecraft:bone":2},"minecraft:mined":{"minecraft:deepslate_redstone_ore":3,"minecraft:tuff":16,"minecraft:deepslate_diamond_ore":9,"minecraft:crafting_table":4,"minecraft:torch":1,"minecraft:granite":13,"minecraft:grass_block":1,"minecraft:copper_ore":1,"minecraft:diorite":8,"minecraft:furnace":3,"minecraft:iron_ore":42,"minecraft:deepslate_lapis_ore":5,"minecraft:grass":2,"minecraft:oak_log":9,"minecraft:coal_ore":45,"minecraft:deepslate_iron_ore":1,"minecraft:gravel":4,"minecraft:dirt":4,"minecraft:stone":100,"minecraft:gold_ore":2,"minecraft:oak_leaves":1,"minecraft:deepslate":194},"minecraft:used":{"minecraft:stone_sword":57,"minecraft:stone_pickaxe":132,"minecraft:wooden_pickaxe":8,"minecraft:iron_sword":6,"minecraft:rotten_flesh":3,"minecraft:cooked_chicken":4,"minecraft:iron_chestplate":1,"minecraft:torch":1,"minecraft:dirt":13,"minecraft:crafting_table":5,"minecraft:tuff":16,"minecraft:grass_block":1,"minecraft:iron_pickaxe":307,"minecraft:iron_helmet":1,"minecraft:iron_boots":1,"minecraft:stone_axe":27,"minecraft:cobblestone":37,"minecraft:furnace":4,"minecraft:cooked_porkchop":6,"minecraft:cooked_beef":2},"minecraft:picked_up":{"minecraft:crafting_table":4,"minecraft:feather":2,"minecraft:chicken":4,"minecraft:brown_wool":1,"minecraft:leather":2,"minecraft:tuff":16,"minecraft:oak_log":9,"minecraft:gunpowder":1,"minecraft:raw_copper":5,"minecraft:dirt":24,"minecraft:lapis_lazuli":34,"minecraft:bone":2,"minecraft:bow":1,"minecraft:cobbled_deepslate":188,"minecraft:raw_gold":1,"minecraft:beef":2,"minecraft:stone_pickaxe":1,"minecraft:furnace":3,"minecraft:stick":1,"minecraft:raw_iron":43,"minecraft:torch":1,"minecraft:gravel":4,"minecraft:porkchop":12,"minecraft:diorite":8,"minecraft:grass_block":1,"minecraft:redstone":15,"minecraft:arrow":3,"minecraft:rotten_flesh":5,"minecraft:diamond":9,"minecraft:stone_axe":1,"minecraft:granite":14,"minecraft:mutton":18,"minecraft:coal":82,"minecraft:white_wool":10,"minecraft:cobblestone":97,"minecraft:ender_pearl":1},"minecraft:custom":{"minecraft:interact_with_furnace":31,"minecraft:mob_kills":39,"minecraft:interact_with_crafting_table":17,"minecraft:leave_game":1,"minecraft:time_since_death":4196,"minecraft:time_since_rest":4235,"minecraft:sprint_one_cm":92218,"minecraft:damage_taken":1375,"minecraft:walk_one_cm":78138,"minecraft:drop":8,"minecraft:damage_dealt":5301,"minecraft:swim_one_cm":1511,"minecraft:fly_one_cm":92319,"minecraft:crouch_one_cm":3662,"minecraft:play_time":38809,"minecraft:deaths":1,"minecraft:sneak_time":3683,"minecraft:walk_under_water_one_cm":646,"minecraft:jump":749,"minecraft:walk_on_water_one_cm":5322,"minecraft:total_world_time":38809,"minecraft:fall_one_cm":21429},"minecraft:crafted":{"minecraft:cooked_beef":2,"minecraft:oak_planks":36,"aether:iron_ring":1,"minecraft:cooked_porkchop":7,"minecraft:crafting_table":2,"minecraft:wooden_pickaxe":2,"minecraft:iron_helmet":1,"minecraft:cooked_chicken":4,"minecraft:iron_sword":1,"minecraft:furnace":1,"minecraft:air":0,"aether:iron_gloves":1,"minecraft:iron_boots":1,"minecraft:iron_chestplate":1,"minecraft:shield":1,"minecraft:stick":16,"minecraft:iron_ingot":36,"minecraft:iron_pickaxe":2,"minecraft:stone_pickaxe":1,"minecraft:stone_sword":1,"aether:white_cape":1,"minecraft:torch":8}},"DataVersion":3465}