{"stats":{"minecraft:killed":{"minecraft:cave_spider":4,"minecraft:spider":3,"minecraft:phantom":6,"minecraft:skeleton":15,"minecraft:pig":1,"minecraft:zombie":30,"minecraft:stray":9,"minecraft:enderman":1},"minecraft:picked_up":{"minecraft:iron_chestplate":2,"minecraft:crafting_table":2,"minecraft:chainmail_boots":4,"minecraft:leather_leggings":1,"minecraft:wooden_pickaxe":1,"minecraft:stone_brick_wall":13,"minecraft:diamond_horse_armor":1,"aether:phoenix_bow":1,"minecraft:stone_brick_stairs":7,"paraglider:heart_container":56,"minecraft:shield":3,"minecraft:string":6,"minecraft:red_nether_bricks":1,"minecraft:cracked_stone_bricks":4,"minecraft:gold_nugget":5,"minecraft:cobbled_deepslate":2,"minecraft:smooth_stone":2,"bosses_of_mass_destruction:soul_star":1,"minecraft:enchanted_golden_apple":25,"minecraft:phantom_membrane":3,"minecraft:iron_boots":1,"minecraft:tipped_arrow":5,"minecraft:stick":3,"minecraft:raw_iron":2,"minecraft:torch":8,"minecraft:porkchop":3,"minecraft:stone_pressure_plate":2,"minecraft:quartz_block":15,"minecraft:stone_sword":1,"minecraft:arrow":93,"minecraft:rotten_flesh":56,"minecraft:nether_bricks":1,"minecraft:cracked_deepslate_bricks":1,"minecraft:netherite_chestplate":1,"minecraft:white_terracotta":5,"minecraft:deepslate_brick_stairs":1,"minecraft:iron_bars":11,"minecraft:cobblestone":37,"minecraft:netherite_boots":1,"minecraft:basalt":6,"minecraft:iron_door":1,"minecraft:andesite":2,"minecraft:potato":1,"paraglider:spirit_orb":36,"minecraft:chainmail_chestplate":1,"minecraft:golden_boots":3,"minecraft:gunpowder":3,"minecraft:netherite_leggings":1,"minecraft:dirt":11,"minecraft:bone":35,"minecraft:stone_bricks":22,"minecraft:bow":1,"minecraft:iron_ingot":1,"minecraft:diamond_helmet":1,"minecraft:glass_bottle":4,"paraglider:stamina_vessel":28,"minecraft:pitcher_pod":1,"minecraft:book":4,"minecraft:spruce_sapling":1,"minecraft:nether_brick_stairs":3,"minecraft:spruce_log":10,"minecraft:spider_eye":3,"minecraft:leather_helmet":2,"minecraft:light_blue_terracotta":8,"minecraft:stone_axe":1,"minecraft:netherite_helmet":1,"minecraft:chainmail_leggings":2,"minecraft:bread":1,"minecraft:netherrack":1,"minecraft:coal":46},"minecraft:mined":{"minecraft:deepslate_tiles":1,"minecraft:stone_pressure_plate":2,"minecraft:red_nether_bricks":1,"minecraft:nether_bricks":1,"minecraft:stone_brick_wall":6,"minecraft:spruce_leaves":1,"minecraft:spawner":29,"minecraft:smooth_stone":1,"minecraft:iron_ore":1,"minecraft:cobbled_deepslate":1,"minecraft:andesite":2,"minecraft:nether_brick_stairs":3,"minecraft:mossy_stone_brick_stairs":1,"minecraft:iron_bars":8,"minecraft:deepslate_brick_stairs":1,"minecraft:packed_ice":1,"minecraft:stone":38,"minecraft:quartz_block":19,"minecraft:powder_snow":26,"minecraft:crafting_table":2,"minecraft:torch":2,"minecraft:cobblestone":2,"minecraft:cracked_deepslate_bricks":1,"minecraft:iron_door":1,"minecraft:wall_torch":3,"minecraft:white_terracotta":2,"minecraft:light_blue_terracotta":2,"minecraft:ice":17,"minecraft:spruce_log":10,"minecraft:stone_brick_stairs":3,"minecraft:coal_ore":46,"minecraft:pitcher_crop":1,"minecraft:dirt":11,"minecraft:cracked_stone_bricks":3,"minecraft:stone_bricks":16,"minecraft:netherrack":1,"minecraft:mossy_stone_bricks":1},"minecraft:broken":{"minecraft:diamond_helmet":1},"minecraft:killed_by":{"bosses_of_mass_destruction:lich":1,"minecraft:skeleton":2,"minecraft:phantom":1,"minecraft:zombie":1},"minecraft:dropped":{"minecraft:nether_brick_stairs":2,"minecraft:golden_boots":3,"minecraft:glass_bottle":1,"paraglider:stamina_vessel":18,"minecraft:iron_helmet":2,"minecraft:chainmail_helmet":1,"minecraft:leather_helmet":2,"minecraft:deepslate_brick_stairs":1,"minecraft:iron_leggings":1,"minecraft:gold_nugget":10,"minecraft:phantom_membrane":2,"minecraft:chainmail_leggings":1,"minecraft:string":5,"minecraft:furnace":1,"minecraft:stone_axe":2,"minecraft:cobbled_deepslate":2,"minecraft:stone_sword":2,"minecraft:raw_iron":2,"minecraft:rotten_flesh":37,"aether:leather_gloves":1,"minecraft:iron_boots":2,"minecraft:white_terracotta":4,"minecraft:nether_bricks":11,"minecraft:chainmail_chestplate":1,"minecraft:gunpowder":5,"aether:iron_gloves":1,"aether:chainmail_gloves":1,"aether:diamond_gloves":1,"minecraft:iron_chestplate":3,"minecraft:quartz_block":4,"minecraft:stone_brick_wall":7,"minecraft:chainmail_boots":5,"minecraft:leather_leggings":1,"minecraft:stone_bricks":2,"minecraft:stone_pressure_plate":1,"minecraft:spider_eye":3,"minecraft:basalt":6,"minecraft:bow":1,"minecraft:iron_bars":9,"minecraft:arrow":1,"minecraft:stone_pickaxe":2,"minecraft:wooden_pickaxe":2,"minecraft:cracked_deepslate_bricks":1,"minecraft:light_blue_terracotta":7,"minecraft:stone_brick_stairs":5},"minecraft:custom":{"minecraft:mob_kills":75,"minecraft:interact_with_crafting_table":7,"minecraft:leave_game":1,"minecraft:time_since_death":7719,"minecraft:climb_one_cm":1750,"minecraft:damage_resisted":687,"minecraft:sprint_one_cm":306643,"minecraft:walk_one_cm":236121,"minecraft:damage_blocked_by_shield":913,"minecraft:drop":84,"minecraft:play_time":81228,"minecraft:deaths":8,"minecraft:sneak_time":10338,"minecraft:walk_under_water_one_cm":13085,"minecraft:jump":1512,"minecraft:walk_on_water_one_cm":25005,"minecraft:total_world_time":81228,"minecraft:interact_with_furnace":1,"minecraft:time_since_rest":7748,"minecraft:damage_taken":5587,"minecraft:damage_absorbed":1415,"minecraft:damage_dealt":12802,"minecraft:swim_one_cm":9874,"minecraft:fly_one_cm":227494,"minecraft:open_chest":96,"minecraft:crouch_one_cm":17483,"minecraft:interact_with_smoker":3,"minecraft:fall_one_cm":40706},"minecraft:crafted":{"minecraft:furnace":2,"minecraft:stone_pickaxe":1,"minecraft:smoker":1,"minecraft:cooked_porkchop":1,"minecraft:crafting_table":2,"minecraft:spruce_planks":24,"minecraft:wooden_pickaxe":1,"minecraft:iron_sword":1,"minecraft:stone_axe":1,"minecraft:air":0,"minecraft:iron_chestplate":1,"minecraft:shield":1,"minecraft:stick":8,"minecraft:stone_sword":1,"minecraft:iron_leggings":1},"minecraft:used":{"minecraft:stone_sword":61,"minecraft:light_blue_terracotta":1,"minecraft:shield":30,"minecraft:iron_sword":226,"minecraft:rotten_flesh":25,"minecraft:netherrack":1,"minecraft:iron_chestplate":1,"minecraft:torch":43,"minecraft:dirt":11,"minecraft:carrot":8,"minecraft:diamond_helmet":1,"minecraft:quartz_block":11,"minecraft:iron_boots":1,"minecraft:stone_brick_stairs":2,"minecraft:stone_bricks":15,"minecraft:netherite_boots":1,"minecraft:bow":31,"minecraft:cooked_beef":11,"minecraft:potato":1,"minecraft:enchanted_golden_apple":9,"minecraft:iron_leggings":1,"minecraft:stone_pickaxe":81,"minecraft:baked_potato":4,"minecraft:red_nether_bricks":1,"minecraft:ender_pearl":2,"minecraft:wooden_pickaxe":25,"minecraft:chainmail_helmet":1,"minecraft:cracked_stone_bricks":1,"minecraft:golden_apple":4,"minecraft:netherite_leggings":1,"minecraft:pitcher_pod":1,"minecraft:crafting_table":4,"minecraft:netherite_helmet":1,"minecraft:stone_brick_wall":1,"bosses_of_mass_destruction:soul_star":1,"minecraft:smoker":1,"minecraft:diamond_pickaxe":33,"minecraft:apple":4,"minecraft:bread":2,"minecraft:iron_pickaxe":79,"minecraft:stone_axe":13,"minecraft:cobblestone":11,"minecraft:potion":1,"aether:phoenix_bow":59,"minecraft:chainmail_boots":1,"minecraft:cooked_porkchop":1,"minecraft:smooth_stone":2,"minecraft:chainmail_leggings":2}},"DataVersion":3465}