{"stats":{"minecraft:killed":{"minecraft:sheep":7,"minecraft:skeleton":5,"minecraft:zombie":1,"minecraft:pig":6,"minecraft:zombie_villager":1,"minecraft:chicken":4,"minecraft:spider":1,"minecraft:enderman":1,"minecraft:cow":1},"minecraft:dropped":{"minecraft:gunpowder":1,"minecraft:wooden_pickaxe":1},"minecraft:mined":{"minecraft:furnace":2,"minecraft:iron_ore":4,"minecraft:crafting_table":1,"minecraft:grass":1,"minecraft:grass_block":1,"minecraft:oak_log":6,"minecraft:coal_ore":15,"minecraft:dirt":3,"minecraft:stone":32,"minecraft:oak_leaves":1,"minecraft:diorite":2},"minecraft:used":{"minecraft:stone_sword":48,"minecraft:grass_block":1,"minecraft:stone_pickaxe":51,"minecraft:wooden_pickaxe":5,"minecraft:cooked_chicken":4,"minecraft:stone_axe":22,"minecraft:dirt":4,"minecraft:cobblestone":16,"minecraft:crafting_table":1,"minecraft:furnace":2,"minecraft:cooked_beef":2},"minecraft:picked_up":{"minecraft:stick":1,"minecraft:raw_iron":4,"minecraft:crafting_table":1,"minecraft:feather":2,"minecraft:chicken":4,"minecraft:brown_wool":1,"minecraft:leather":2,"minecraft:porkchop":12,"minecraft:oak_log":6,"minecraft:grass_block":1,"minecraft:diorite":2,"minecraft:gunpowder":1,"minecraft:dirt":4,"minecraft:arrow":2,"minecraft:bone":2,"minecraft:rotten_flesh":2,"minecraft:bow":1,"minecraft:stone_axe":1,"minecraft:beef":2,"minecraft:stone_pickaxe":1,"minecraft:mutton":12,"minecraft:coal":41,"minecraft:ender_pearl":1,"minecraft:white_wool":6,"minecraft:cobblestone":31,"minecraft:furnace":2},"minecraft:custom":{"minecraft:time_since_rest":14921,"minecraft:interact_with_furnace":10,"minecraft:sprint_one_cm":62211,"minecraft:damage_taken":420,"minecraft:walk_one_cm":39042,"minecraft:mob_kills":27,"minecraft:drop":2,"minecraft:damage_dealt":3356,"minecraft:interact_with_crafting_table":2,"minecraft:fly_one_cm":46841,"minecraft:crouch_one_cm":627,"minecraft:play_time":14921,"minecraft:sneak_time":233,"minecraft:jump":349,"minecraft:time_since_death":14921,"minecraft:total_world_time":14921,"minecraft:fall_one_cm":8444},"minecraft:crafted":{"minecraft:cooked_beef":2,"minecraft:oak_planks":24,"minecraft:cooked_porkchop":7,"minecraft:crafting_table":1,"minecraft:stick":4,"minecraft:cooked_chicken":4,"minecraft:wooden_pickaxe":1,"minecraft:stone_sword":1,"minecraft:furnace":1,"minecraft:air":0}},"DataVersion":3465}