{"stats":{"minecraft:killed":{"minecraft:pig":6,"minecraft:zombie_villager":1,"minecraft:spider":1,"minecraft:creeper":2,"minecraft:sheep":11,"minecraft:skeleton":6,"minecraft:zombie":2,"minecraft:chicken":4,"minecraft:enderman":1,"minecraft:cow":1},"minecraft:mined":{"minecraft:crafting_table":2,"minecraft:torch":1,"minecraft:granite":13,"minecraft:grass_block":1,"minecraft:diorite":8,"minecraft:furnace":3,"minecraft:iron_ore":42,"minecraft:grass":1,"minecraft:coal_ore":45,"minecraft:oak_log":6,"minecraft:deepslate_iron_ore":1,"minecraft:dirt":3,"minecraft:stone":55,"minecraft:gold_ore":2,"minecraft:deepslate":12,"minecraft:oak_leaves":1},"minecraft:dropped":{"minecraft:stone_sword":1,"minecraft:feather":2,"minecraft:rotten_flesh":2,"minecraft:gunpowder":1,"minecraft:brown_wool":1,"minecraft:stone_pickaxe":1,"minecraft:wooden_pickaxe":1,"minecraft:bone":2},"minecraft:used":{"minecraft:stone_sword":57,"minecraft:stone_pickaxe":89,"minecraft:wooden_pickaxe":5,"minecraft:iron_sword":6,"minecraft:cooked_chicken":4,"minecraft:iron_chestplate":1,"minecraft:torch":1,"minecraft:dirt":4,"minecraft:crafting_table":2,"minecraft:grass_block":1,"minecraft:iron_pickaxe":88,"minecraft:iron_helmet":1,"minecraft:iron_boots":1,"minecraft:stone_axe":27,"minecraft:cobblestone":28,"minecraft:furnace":3,"minecraft:cooked_porkchop":3,"minecraft:cooked_beef":2},"minecraft:picked_up":{"minecraft:crafting_table":2,"minecraft:feather":2,"minecraft:chicken":4,"minecraft:leather":2,"minecraft:brown_wool":1,"minecraft:oak_log":6,"minecraft:gunpowder":1,"minecraft:dirt":4,"minecraft:bone":2,"minecraft:bow":1,"minecraft:cobbled_deepslate":12,"minecraft:raw_gold":1,"minecraft:beef":2,"minecraft:stone_pickaxe":1,"minecraft:furnace":3,"minecraft:raw_iron":43,"minecraft:stick":1,"minecraft:torch":1,"minecraft:porkchop":12,"minecraft:diorite":8,"minecraft:grass_block":1,"minecraft:arrow":3,"minecraft:rotten_flesh":2,"minecraft:stone_axe":1,"minecraft:granite":14,"minecraft:coal":82,"minecraft:mutton":18,"minecraft:white_wool":10,"minecraft:cobblestone":53,"minecraft:ender_pearl":1},"minecraft:custom":{"minecraft:interact_with_furnace":25,"minecraft:mob_kills":35,"minecraft:interact_with_crafting_table":12,"minecraft:time_since_death":26921,"minecraft:time_since_rest":26921,"minecraft:sprint_one_cm":84037,"minecraft:damage_taken":741,"minecraft:walk_one_cm":57408,"minecraft:drop":8,"minecraft:damage_dealt":4558,"minecraft:swim_one_cm":1511,"minecraft:fly_one_cm":84026,"minecraft:crouch_one_cm":1760,"minecraft:play_time":26921,"minecraft:sneak_time":1487,"minecraft:walk_under_water_one_cm":646,"minecraft:jump":595,"minecraft:walk_on_water_one_cm":5322,"minecraft:total_world_time":26921,"minecraft:fall_one_cm":17120},"minecraft:crafted":{"minecraft:cooked_beef":2,"minecraft:oak_planks":24,"minecraft:cooked_porkchop":7,"minecraft:crafting_table":1,"minecraft:iron_helmet":1,"minecraft:wooden_pickaxe":1,"minecraft:cooked_chicken":4,"minecraft:iron_sword":1,"minecraft:furnace":1,"minecraft:air":0,"aether:iron_gloves":1,"minecraft:iron_boots":1,"minecraft:iron_chestplate":1,"minecraft:shield":1,"minecraft:stick":8,"minecraft:iron_ingot":25,"minecraft:iron_pickaxe":1,"minecraft:stone_sword":1,"aether:white_cape":1,"minecraft:torch":8}},"DataVersion":3465}