{"stats":{"minecraft:killed":{"minecraft:cave_spider":4,"minecraft:pig":1,"minecraft:spider":3,"minecraft:skeleton":11,"minecraft:zombie":25,"minecraft:stray":9,"minecraft:enderman":1},"minecraft:mined":{"minecraft:stone_pressure_plate":2,"minecraft:quartz_block":17,"minecraft:powder_snow":26,"minecraft:crafting_table":2,"minecraft:cobblestone":2,"minecraft:spruce_leaves":1,"minecraft:iron_door":1,"minecraft:wall_torch":2,"minecraft:spawner":29,"minecraft:smooth_stone":1,"minecraft:white_terracotta":2,"minecraft:light_blue_terracotta":2,"minecraft:iron_ore":1,"minecraft:spruce_log":10,"minecraft:stone_brick_stairs":3,"minecraft:mossy_stone_brick_stairs":1,"minecraft:coal_ore":46,"minecraft:pitcher_crop":1,"minecraft:iron_bars":4,"minecraft:dirt":11,"minecraft:cracked_stone_bricks":3,"minecraft:stone_bricks":7,"minecraft:stone":38,"minecraft:mossy_stone_bricks":1},"minecraft:picked_up":{"minecraft:crafting_table":2,"minecraft:chainmail_boots":4,"minecraft:iron_door":1,"minecraft:leather_leggings":1,"minecraft:wooden_pickaxe":1,"minecraft:potato":1,"minecraft:diamond_horse_armor":1,"paraglider:spirit_orb":36,"minecraft:stone_brick_stairs":5,"minecraft:shield":1,"minecraft:chainmail_chestplate":1,"minecraft:golden_boots":3,"minecraft:gunpowder":3,"minecraft:string":6,"minecraft:dirt":11,"minecraft:bone":29,"minecraft:stone_bricks":3,"minecraft:bow":1,"minecraft:cracked_stone_bricks":3,"minecraft:smooth_stone":2,"minecraft:glass_bottle":4,"minecraft:pitcher_pod":1,"minecraft:book":4,"minecraft:iron_boots":1,"minecraft:stick":3,"minecraft:raw_iron":1,"minecraft:tipped_arrow":5,"minecraft:torch":4,"minecraft:porkchop":3,"minecraft:spruce_sapling":1,"minecraft:spruce_log":10,"minecraft:leather_helmet":2,"minecraft:spider_eye":3,"minecraft:stone_pressure_plate":2,"minecraft:quartz_block":11,"minecraft:stone_sword":1,"minecraft:arrow":23,"minecraft:rotten_flesh":36,"minecraft:light_blue_terracotta":8,"minecraft:stone_axe":1,"minecraft:chainmail_leggings":2,"minecraft:bread":1,"minecraft:white_terracotta":5,"minecraft:coal":46,"minecraft:iron_bars":7,"minecraft:cobblestone":37},"minecraft:killed_by":{"minecraft:skeleton":1,"minecraft:zombie":1},"minecraft:dropped":{"minecraft:golden_boots":3,"minecraft:stone_axe":2,"minecraft:stone_sword":2,"minecraft:raw_iron":1,"minecraft:rotten_flesh":21,"minecraft:white_terracotta":4,"minecraft:chainmail_helmet":1,"minecraft:leather_helmet":2,"minecraft:chainmail_chestplate":1,"minecraft:gunpowder":5,"minecraft:chainmail_boots":4,"minecraft:leather_leggings":1,"minecraft:stone_pressure_plate":1,"minecraft:spider_eye":1,"minecraft:stone_bricks":2,"minecraft:iron_bars":7,"minecraft:stone_pickaxe":1,"minecraft:wooden_pickaxe":2,"minecraft:chainmail_leggings":1,"minecraft:stone_brick_stairs":4},"minecraft:custom":{"minecraft:interact_with_furnace":1,"minecraft:mob_kills":59,"minecraft:interact_with_crafting_table":7,"minecraft:time_since_death":421,"minecraft:climb_one_cm":1458,"minecraft:time_since_rest":453,"minecraft:sprint_one_cm":157603,"minecraft:damage_absorbed":40,"minecraft:damage_taken":2260,"minecraft:walk_one_cm":160561,"minecraft:damage_blocked_by_shield":913,"minecraft:drop":37,"minecraft:damage_dealt":10470,"minecraft:fly_one_cm":72025,"minecraft:open_chest":63,"minecraft:crouch_one_cm":3075,"minecraft:play_time":44014,"minecraft:deaths":3,"minecraft:sneak_time":6889,"minecraft:jump":637,"minecraft:walk_on_water_one_cm":2706,"minecraft:total_world_time":44014,"minecraft:interact_with_smoker":3,"minecraft:fall_one_cm":5506},"minecraft:crafted":{"minecraft:cooked_porkchop":1,"minecraft:crafting_table":2,"minecraft:spruce_planks":24,"minecraft:wooden_pickaxe":1,"minecraft:iron_sword":1,"minecraft:furnace":2,"minecraft:stone_axe":1,"minecraft:air":0,"minecraft:iron_chestplate":1,"minecraft:shield":1,"minecraft:stick":8,"minecraft:stone_pickaxe":1,"minecraft:stone_sword":1,"minecraft:iron_leggings":1,"minecraft:smoker":1},"minecraft:used":{"minecraft:stone_sword":61,"minecraft:baked_potato":3,"minecraft:stone_pickaxe":73,"minecraft:light_blue_terracotta":1,"minecraft:shield":28,"minecraft:wooden_pickaxe":25,"minecraft:iron_sword":164,"minecraft:chainmail_helmet":1,"minecraft:rotten_flesh":4,"minecraft:iron_chestplate":1,"minecraft:torch":15,"minecraft:golden_apple":1,"minecraft:dirt":11,"minecraft:pitcher_pod":1,"minecraft:crafting_table":4,"minecraft:smoker":1,"minecraft:apple":2,"minecraft:bread":2,"minecraft:iron_pickaxe":66,"minecraft:quartz_block":5,"minecraft:iron_boots":1,"minecraft:stone_brick_stairs":1,"minecraft:stone_axe":13,"minecraft:cobblestone":11,"minecraft:cooked_porkchop":1,"minecraft:cooked_beef":11,"minecraft:chainmail_leggings":1,"minecraft:smooth_stone":2,"minecraft:iron_leggings":1}},"DataVersion":3465}