{"stats":{"minecraft:mined":{"minecraft:spruce_log":10,"minecraft:powder_snow":26,"minecraft:crafting_table":1,"minecraft:coal_ore":46,"minecraft:pitcher_crop":1,"minecraft:iron_bars":2,"minecraft:dirt":11,"minecraft:spruce_leaves":1,"minecraft:stone":26,"minecraft:spawner":3},"minecraft:picked_up":{"minecraft:wooden_pickaxe":1,"paraglider:spirit_orb":6,"minecraft:porkchop":3,"minecraft:spruce_sapling":1,"minecraft:spruce_log":10,"minecraft:dirt":11,"minecraft:arrow":3,"minecraft:bone":1,"minecraft:bread":1,"minecraft:pitcher_pod":1,"minecraft:iron_bars":2,"minecraft:coal":46,"minecraft:cobblestone":25},"minecraft:killed":{"minecraft:skeleton":2,"minecraft:pig":1},"minecraft:dropped":{"minecraft:iron_bars":2,"minecraft:wooden_pickaxe":1},"minecraft:custom":{"minecraft:time_since_rest":18895,"minecraft:interact_with_furnace":1,"minecraft:sprint_one_cm":28364,"minecraft:damage_taken":354,"minecraft:walk_one_cm":59971,"minecraft:mob_kills":3,"minecraft:drop":3,"minecraft:damage_dealt":635,"minecraft:interact_with_crafting_table":4,"minecraft:fly_one_cm":14551,"minecraft:open_chest":5,"minecraft:crouch_one_cm":2252,"minecraft:play_time":20014,"minecraft:deaths":1,"minecraft:sneak_time":6404,"minecraft:jump":240,"minecraft:time_since_death":18868,"minecraft:interact_with_smoker":3,"minecraft:total_world_time":20014,"minecraft:fall_one_cm":3799},"minecraft:crafted":{"minecraft:cooked_porkchop":1,"minecraft:crafting_table":1,"minecraft:spruce_planks":24,"minecraft:stick":8,"minecraft:wooden_pickaxe":1,"minecraft:stone_pickaxe":1,"minecraft:stone_sword":1,"minecraft:furnace":2,"minecraft:stone_axe":1,"minecraft:air":0,"minecraft:smoker":1},"minecraft:used":{"minecraft:stone_sword":27,"minecraft:bread":1,"minecraft:stone_pickaxe":54,"minecraft:wooden_pickaxe":25,"minecraft:chainmail_helmet":1,"minecraft:stone_axe":12,"minecraft:dirt":11,"minecraft:pitcher_pod":1,"minecraft:crafting_table":1,"minecraft:cooked_porkchop":1,"minecraft:smoker":1}},"DataVersion":3465}