{"stats":{"minecraft:picked_up":{"minecraft:spruce_sapling":1,"minecraft:spruce_log":6,"minecraft:dirt":5,"minecraft:cobblestone":13},"minecraft:mined":{"minecraft:dirt":5,"minecraft:stone":14,"minecraft:spruce_leaves":1,"minecraft:spruce_log":6,"minecraft:powder_snow":7},"minecraft:custom":{"minecraft:time_since_rest":6895,"minecraft:crouch_one_cm":15,"minecraft:play_time":8014,"minecraft:sprint_one_cm":6804,"minecraft:walk_one_cm":3324,"minecraft:damage_taken":250,"minecraft:deaths":1,"minecraft:sneak_time":3788,"minecraft:jump":37,"minecraft:time_since_death":6868,"minecraft:total_world_time":8014,"minecraft:interact_with_crafting_table":1,"minecraft:fall_one_cm":627,"minecraft:fly_one_cm":3689},"minecraft:crafted":{"minecraft:crafting_table":1,"minecraft:spruce_planks":24,"minecraft:stick":8,"minecraft:wooden_pickaxe":1},"minecraft:used":{"minecraft:dirt":1,"minecraft:crafting_table":1,"minecraft:wooden_pickaxe":14}},"DataVersion":3465}